user1,user2
0,1188
287,1188
461,1188
918,1188
1363,1188
0,1363
287,1363
461,1363
918,1363
1188,1363
1,414
57,414
329,414
349,414
520,414
578,414
803,414
846,414
1,439
1122,439
1146,439
1,676
950,676
1146,676
1,700
367,700
405,700
427,700
577,700
716,700
743,700
780,700
791,700
803,700
871,700
1006,700
1172,700
1312,700
1,791
284,791
320,791
321,791
340,791
405,791
427,791
442,791
577,791
594,791
700,791
780,791
921,791
949,791
1006,791
1122,791
1285,791
1,800
1,950
676,950
1146,950
1,997
1,1122
367,1122
401,1122
405,1122
410,1122
439,1122
478,1122
518,1122
520,1122
577,1122
589,1122
594,1122
645,1122
682,1122
716,1122
735,1122
765,1122
791,1122
803,1122
921,1122
933,1122
1008,1122
1009,1122
1079,1122
1149,1122
1254,1122
1271,1122
1340,1122
1,1138
1,1146
439,1146
676,1146
950,1146
1,1149
32,1149
34,1149
45,1149
71,1149
214,1149
268,1149
284,1149
297,1149
321,1149
329,1149
341,1149
349,1149
358,1149
367,1149
377,1149
379,1149
395,1149
401,1149
402,1149
410,1149
459,1149
465,1149
478,1149
505,1149
520,1149
534,1149
567,1149
572,1149
578,1149
621,1149
634,1149
645,1149
662,1149
735,1149
765,1149
811,1149
835,1149
840,1149
900,1149
903,1149
912,1149
915,1149
921,1149
930,1149
933,1149
944,1149
979,1149
985,1149
994,1149
1006,1149
1034,1149
1079,1149
1105,1149
1122,1149
1160,1149
1254,1149
1257,1149
1271,1149
1285,1149
1321,1149
1356,1149
1371,1149
1,1172
341,1172
427,1172
700,1172
716,1172
780,1172
803,1172
915,1172
1006,1172
1211,1172
2,55
3,132
1082,132
1157,132
4,245
5,162
508,162
681,162
5,508
162,508
6,432
561,432
1102,432
1221,432
1241,432
1283,432
1325,432
6,806
424,806
742,806
826,806
1105,806
6,826
335,826
424,826
806,826
872,826
6,1158
624,1158
677,1158
833,1158
879,1158
960,1158
6,1241
432,1241
546,1241
621,1241
807,1241
879,1241
1105,1241
1221,1241
1283,1241
1325,1241
7,525
70,525
426,525
1069,525
8,425
335,425
1221,425
1260,425
1262,425
9,495
724,495
892,495
1114,495
1162,495
1185,495
9,659
78,659
406,659
551,659
632,659
737,659
843,659
916,659
981,659
1114,659
1162,659
9,724
78,724
495,724
892,724
1114,724
1162,724
1250,724
1289,724
1300,724
9,1114
495,1114
659,1114
724,1114
1162,1114
9,1162
495,1162
659,1162
724,1162
1114,1162
1185,1162
9,1250
33,1250
681,1250
693,1250
724,1250
739,1250
1140,1250
1300,1250
1324,1250
10,1038
11,383
12,959
147,959
1159,959
13,24
188,24
265,24
416,24
452,24
556,24
625,24
638,24
648,24
674,24
697,24
713,24
744,24
750,24
768,24
816,24
834,24
838,24
860,24
1059,24
1063,24
1073,24
1103,24
1129,24
1195,24
1216,24
1288,24
1289,24
1293,24
1295,24
1302,24
1306,24
13,29
416,29
452,29
536,29
540,29
547,29
573,29
604,29
638,29
644,29
668,29
713,29
718,29
750,29
768,29
834,29
838,29
869,29
887,29
889,29
909,29
951,29
1010,29
1027,29
1059,29
1063,29
1073,29
1168,29
1202,29
1302,29
1308,29
1374,29
13,225
265,225
536,225
597,225
697,225
750,225
816,225
860,225
884,225
1198,225
1209,225
1289,225
1302,225
1308,225
13,388
416,388
452,388
542,388
573,388
604,388
638,388
648,388
713,388
718,388
750,388
752,388
774,388
834,388
838,388
860,388
869,388
951,388
958,388
1027,388
1063,388
1094,388
1209,388
1288,388
1289,388
1295,388
1302,388
1307,388
1366,388
13,397
416,397
452,397
644,397
668,397
713,397
750,397
971,397
1059,397
1288,397
1289,397
1302,397
13,416
24,416
29,416
265,416
388,416
397,416
428,416
452,416
540,416
542,416
547,416
573,416
604,416
625,416
638,416
644,416
648,416
674,416
697,416
713,416
718,416
750,416
752,416
753,416
768,416
774,416
789,416
816,416
822,416
834,416
838,416
860,416
869,416
884,416
887,416
909,416
951,416
958,416
1010,416
1059,416
1061,416
1063,416
1073,416
1093,416
1103,416
1129,416
1168,416
1202,416
1209,416
1216,416
1288,416
1289,416
1293,416
1295,416
1302,416
1307,416
1308,416
1315,416
1366,416
1374,416
13,428
416,428
452,428
542,428
547,428
604,428
668,428
713,428
750,428
752,428
768,428
816,428
834,428
860,428
887,428
909,428
951,428
1063,428
1103,428
1209,428
1289,428
1295,428
1302,428
1374,428
13,471
452,471
540,471
542,471
604,471
638,471
644,471
668,471
750,471
860,471
887,471
1198,471
1288,471
1289,471
1302,471
1306,471
1374,471
13,540
29,540
416,540
471,540
542,540
547,540
638,540
668,540
752,540
834,540
887,540
958,540
1226,540
1288,540
1289,540
1307,540
13,542
265,542
388,542
416,542
428,542
471,542
539,542
540,542
547,542
604,542
638,542
648,542
697,542
750,542
753,542
768,542
816,542
834,542
860,542
869,542
1010,542
1073,542
1094,542
1209,542
1288,542
1289,542
1302,542
1307,542
1308,542
1366,542
1374,542
13,547
29,547
133,547
416,547
428,547
452,547
540,547
542,547
604,547
638,547
644,547
668,547
713,547
744,547
750,547
752,547
834,547
860,547
887,547
951,547
1063,547
1209,547
1289,547
1302,547
1315,547
1366,547
13,604
29,604
388,604
416,604
428,604
471,604
542,604
547,604
573,604
625,604
638,604
713,604
750,604
752,604
834,604
860,604
869,604
887,604
951,604
1027,604
1063,604
1073,604
1209,604
1289,604
1302,604
13,638
24,638
29,638
188,638
265,638
388,638
416,638
471,638
511,638
521,638
540,638
542,638
547,638
556,638
573,638
604,638
648,638
665,638
668,638
697,638
713,638
718,638
750,638
752,638
753,638
768,638
789,638
816,638
822,638
834,638
838,638
860,638
869,638
884,638
887,638
958,638
1094,638
1104,638
1209,638
1289,638
1302,638
1308,638
1366,638
1374,638
13,644
29,644
397,644
416,644
452,644
471,644
536,644
547,644
606,644
668,644
681,644
713,644
750,644
752,644
768,644
816,644
834,644
860,644
869,644
887,644
909,644
1063,644
1094,644
1168,644
1198,644
1209,644
1288,644
1289,644
1293,644
1295,644
1302,644
1308,644
1309,644
1332,644
1374,644
13,648
24,648
388,648
416,648
542,648
638,648
750,648
753,648
789,648
834,648
838,648
869,648
887,648
1073,648
1094,648
1209,648
1295,648
1302,648
1366,648
13,713
24,713
29,713
242,713
265,713
388,713
397,713
416,713
428,713
452,713
536,713
547,713
551,713
573,713
597,713
604,713
625,713
638,713
644,713
654,713
668,713
681,713
750,713
752,713
774,713
775,713
816,713
834,713
838,713
887,713
957,713
1054,713
1059,713
1061,713
1080,713
1103,713
1121,713
1170,713
1198,713
1209,713
1248,713
1288,713
1289,713
1293,713
1302,713
1304,713
1308,713
1366,713
1374,713
13,744
24,744
547,744
750,744
774,744
889,744
1289,744
13,750
24,750
29,750
102,750
225,750
242,750
265,750
301,750
388,750
397,750
416,750
428,750
452,750
471,750
511,750
536,750
542,750
547,750
551,750
556,750
573,750
597,750
604,750
606,750
625,750
638,750
644,750
648,750
652,750
668,750
674,750
681,750
713,750
718,750
744,750
752,750
753,750
768,750
774,750
789,750
816,750
834,750
838,750
860,750
869,750
887,750
909,750
951,750
958,750
1010,750
1027,750
1054,750
1059,750
1061,750
1063,750
1073,750
1093,750
1094,750
1103,750
1129,750
1168,750
1195,750
1198,750
1209,750
1226,750
1288,750
1289,750
1293,750
1295,750
1302,750
1307,750
1308,750
1315,750
1366,750
1374,750
13,752
388,752
416,752
428,752
452,752
511,752
540,752
547,752
604,752
638,752
644,752
713,752
750,752
768,752
834,752
838,752
860,752
887,752
889,752
951,752
958,752
1027,752
1059,752
1063,752
1209,752
1216,752
1288,752
1289,752
1293,752
1302,752
1307,752
1308,752
1374,752
13,774
242,774
388,774
416,774
452,774
536,774
668,774
713,774
744,774
750,774
834,774
1061,774
1103,774
1215,774
1226,774
1289,774
1302,774
1374,774
13,789
155,789
265,789
416,789
556,789
638,789
648,789
697,789
750,789
753,789
768,789
816,789
822,789
834,789
838,789
860,789
1073,789
1209,789
1216,789
1295,789
1374,789
13,834
24,834
29,834
265,834
388,834
416,834
428,834
452,834
511,834
540,834
542,834
547,834
597,834
604,834
638,834
644,834
648,834
713,834
750,834
752,834
753,834
768,834
774,834
789,834
816,834
860,834
869,834
884,834
887,834
951,834
1063,834
1073,834
1103,834
1129,834
1209,834
1216,834
1288,834
1289,834
1293,834
1295,834
1302,834
1306,834
1307,834
1308,834
1366,834
1374,834
13,838
24,838
29,838
265,838
388,838
416,838
452,838
511,838
597,838
638,838
648,838
713,838
750,838
752,838
753,838
768,838
789,838
816,838
860,838
869,838
884,838
951,838
1094,838
1104,838
1129,838
1209,838
1215,838
1302,838
1374,838
13,869
29,869
265,869
388,869
416,869
542,869
604,869
638,869
644,869
648,869
750,869
753,869
816,869
834,869
838,869
860,869
958,869
1209,869
1289,869
1295,869
1307,869
13,884
225,884
235,884
265,884
273,884
416,884
573,884
638,884
834,884
838,884
860,884
1104,884
1105,884
1133,884
1295,884
1302,884
13,887
29,887
416,887
428,887
452,887
471,887
540,887
547,887
551,887
573,887
604,887
638,887
644,887
648,887
668,887
713,887
750,887
752,887
768,887
834,887
951,887
958,887
1027,887
1063,887
1209,887
1215,887
1289,887
1293,887
1302,887
1307,887
1366,887
13,958
388,958
416,958
540,958
556,958
625,958
638,958
668,958
750,958
752,958
869,958
887,958
1094,958
1209,958
1289,958
13,1010
29,1010
416,1010
542,1010
674,1010
750,1010
860,1010
1063,1010
1103,1010
1209,1010
1288,1010
1289,1010
1302,1010
1307,1010
13,1054
713,1054
750,1054
816,1054
1289,1054
13,1094
388,1094
542,1094
638,1094
644,1094
648,1094
750,1094
753,1094
838,1094
958,1094
1063,1094
1289,1094
13,1202
29,1202
86,1202
416,1202
434,1202
492,1202
536,1202
543,1202
603,1202
667,1202
698,1202
760,1202
954,1202
984,1202
1170,1202
13,1209
225,1209
265,1209
388,1209
416,1209
428,1209
452,1209
542,1209
547,1209
604,1209
638,1209
644,1209
648,1209
668,1209
674,1209
713,1209
750,1209
752,1209
768,1209
789,1209
834,1209
838,1209
860,1209
869,1209
887,1209
951,1209
958,1209
1010,1209
1027,1209
1063,1209
1073,1209
1216,1209
1288,1209
1289,1209
1293,1209
1302,1209
1307,1209
1308,1209
13,1288
24,1288
242,1288
388,1288
397,1288
416,1288
452,1288
471,1288
540,1288
542,1288
551,1288
591,1288
625,1288
644,1288
668,1288
674,1288
681,1288
713,1288
750,1288
752,1288
768,1288
816,1288
834,1288
860,1288
889,1288
909,1288
1010,1288
1049,1288
1059,1288
1103,1288
1119,1288
1129,1288
1168,1288
1195,1288
1209,1288
1215,1288
1226,1288
1289,1288
1293,1288
1302,1288
1329,1288
1342,1288
1366,1288
1374,1288
13,1289
24,1289
102,1289
133,1289
225,1289
388,1289
397,1289
416,1289
428,1289
452,1289
471,1289
511,1289
536,1289
540,1289
542,1289
547,1289
551,1289
556,1289
604,1289
625,1289
638,1289
644,1289
652,1289
668,1289
697,1289
713,1289
724,1289
744,1289
750,1289
752,1289
753,1289
768,1289
774,1289
816,1289
822,1289
834,1289
860,1289
869,1289
887,1289
889,1289
909,1289
951,1289
958,1289
1010,1289
1049,1289
1054,1289
1059,1289
1063,1289
1094,1289
1103,1289
1104,1289
1129,1289
1168,1289
1209,1289
1215,1289
1226,1289
1288,1289
1293,1289
1295,1289
1302,1289
1307,1289
1308,1289
1315,1289
1329,1289
1374,1289
13,1302
24,1302
29,1302
225,1302
388,1302
397,1302
416,1302
428,1302
452,1302
471,1302
521,1302
536,1302
542,1302
547,1302
604,1302
606,1302
638,1302
644,1302
648,1302
652,1302
668,1302
694,1302
713,1302
750,1302
752,1302
768,1302
774,1302
816,1302
834,1302
838,1302
860,1302
884,1302
887,1302
889,1302
951,1302
1010,1302
1027,1302
1059,1302
1063,1302
1093,1302
1103,1302
1115,1302
1129,1302
1168,1302
1209,1302
1215,1302
1226,1302
1288,1302
1289,1302
1293,1302
1295,1302
1308,1302
1315,1302
1366,1302
1374,1302
13,1307
388,1307
416,1307
540,1307
542,1307
674,1307
750,1307
752,1307
768,1307
834,1307
860,1307
869,1307
887,1307
1010,1307
1168,1307
1209,1307
1289,1307
13,1308
29,1308
225,1308
416,1308
452,1308
542,1308
638,1308
644,1308
713,1308
750,1308
752,1308
834,1308
1209,1308
1289,1308
1302,1308
1366,1308
13,1315
416,1315
547,1315
750,1315
1063,1315
1289,1315
1302,1315
13,1366
388,1366
416,1366
542,1366
547,1366
638,1366
648,1366
668,1366
713,1366
750,1366
768,1366
834,1366
887,1366
1103,1366
1288,1366
1302,1366
1308,1366
14,682
50,682
230,682
253,682
308,682
347,682
367,682
395,682
466,682
534,682
535,682
572,682
582,682
594,682
733,682
735,682
743,682
803,682
808,682
811,682
914,682
925,682
979,682
1024,682
1051,682
1060,682
1122,682
1221,682
1227,682
1254,682
1263,682
1271,682
14,1060
39,1060
320,1060
336,1060
358,1060
367,1060
384,1060
466,1060
493,1060
519,1060
582,1060
645,1060
682,1060
735,1060
803,1060
856,1060
925,1060
930,1060
983,1060
1130,1060
1254,1060
1263,1060
1299,1060
1333,1060
15,399
625,399
807,399
971,399
1063,399
16,489
620,489
779,489
878,489
16,620
489,620
779,620
878,620
1011,620
16,779
289,779
489,779
620,779
878,779
1011,779
16,878
171,878
489,878
620,878
779,878
978,878
1256,878
16,1011
620,1011
779,1011
1087,1011
17,628
1192,628
17,1192
628,1192
18,956
652,956
695,956
837,956
1101,956
1116,956
1196,956
1309,956
19,211
19,1196
96,1196
108,1196
520,1196
608,1196
770,1196
956,1196
1049,1196
1372,1196
20,1305
21,562
304,562
497,562
516,562
829,562
969,562
1053,562
1259,562
21,758
420,758
433,758
574,758
587,758
705,758
960,758
1080,758
1134,758
1208,758
1317,758
21,910
681,910
684,910
879,910
1082,910
1103,910
1136,910
1329,910
21,1140
33,1140
226,1140
344,1140
587,1140
609,1140
631,1140
637,1140
705,1140
953,1140
1032,1140
1070,1140
1135,1140
1248,1140
1250,1140
22,108
86,108
193,108
454,108
733,108
1196,108
1248,108
1258,108
1297,108
22,999
1244,999
22,1244
999,1244
23,276
273,276
1007,276
24,13
29,13
225,13
388,13
397,13
416,13
428,13
471,13
540,13
542,13
547,13
604,13
638,13
644,13
648,13
713,13
744,13
750,13
752,13
774,13
789,13
834,13
838,13
869,13
884,13
887,13
958,13
1010,13
1054,13
1094,13
1202,13
1209,13
1288,13
1289,13
1302,13
1307,13
1308,13
1315,13
1366,13
24,188
101,188
189,188
484,188
521,188
524,188
638,188
665,188
715,188
1215,188
1351,188
24,265
225,265
416,265
452,265
511,265
542,265
556,265
638,265
713,265
750,265
753,265
768,265
789,265
816,265
822,265
834,265
838,265
860,265
869,265
884,265
1073,265
1093,265
1103,265
1104,265
1209,265
1216,265
1295,265
1306,265
24,452
29,452
265,452
388,452
397,452
416,452
428,452
471,452
547,452
606,452
625,452
644,452
652,452
668,452
713,452
750,452
752,452
768,452
774,452
816,452
834,452
838,452
860,452
887,452
1059,452
1063,452
1103,452
1115,452
1129,452
1168,452
1209,452
1215,452
1288,452
1289,452
1295,452
1302,452
1308,452
1374,452
24,556
265,556
638,556
750,556
789,556
958,556
1289,556
24,625
399,625
416,625
433,625
451,625
452,625
569,625
573,625
574,625
603,625
604,625
713,625
750,625
889,625
958,625
1103,625
1129,625
1170,625
1226,625
1233,625
1275,625
1288,625
1289,625
1376,625
24,674
416,674
750,674
768,674
860,674
1010,674
1093,674
1209,674
1288,674
1307,674
24,697
225,697
416,697
542,697
638,697
789,697
816,697
860,697
1289,697
1295,697
24,768
29,768
265,768
416,768
428,768
452,768
542,768
638,768
644,768
668,768
674,768
681,768
750,768
752,768
789,768
834,768
838,768
860,768
887,768
951,768
1209,768
1288,768
1289,768
1293,768
1302,768
1307,768
1366,768
1374,768
24,816
225,816
265,816
416,816
428,816
452,816
542,816
638,816
644,816
697,816
713,816
750,816
789,816
834,816
838,816
860,816
869,816
1054,816
1288,816
1289,816
1295,816
1302,816
24,860
225,860
265,860
388,860
416,860
428,860
452,860
471,860
542,860
547,860
604,860
638,860
644,860
674,860
697,860
750,860
752,860
753,860
768,860
789,860
816,860
822,860
834,860
838,860
869,860
884,860
909,860
951,860
1010,860
1063,860
1073,860
1103,860
1104,860
1209,860
1215,860
1288,860
1289,860
1295,860
1302,860
1307,860
1374,860
24,1059
29,1059
397,1059
416,1059
452,1059
668,1059
713,1059
750,1059
752,1059
889,1059
909,1059
1168,1059
1215,1059
1226,1059
1288,1059
1289,1059
1302,1059
24,1063
29,1063
133,1063
232,1063
388,1063
399,1063
416,1063
428,1063
452,1063
547,1063
597,1063
604,1063
644,1063
668,1063
750,1063
752,1063
834,1063
860,1063
887,1063
909,1063
1010,1063
1093,1063
1094,1063
1103,1063
1115,1063
1129,1063
1209,1063
1289,1063
1295,1063
1302,1063
1315,1063
1323,1063
1374,1063
24,1073
29,1073
265,1073
416,1073
542,1073
604,1073
648,1073
750,1073
753,1073
789,1073
822,1073
834,1073
860,1073
1209,1073
1236,1073
24,1103
37,1103
41,1103
265,1103
416,1103
428,1103
452,1103
492,1103
509,1103
524,1103
625,1103
652,1103
668,1103
681,1103
713,1103
750,1103
774,1103
834,1103
860,1103
889,1103
910,1103
963,1103
1010,1103
1027,1103
1063,1103
1121,1103
1215,1103
1226,1103
1288,1103
1289,1103
1302,1103
1366,1103
1374,1103
1376,1103
24,1129
416,1129
452,1129
625,1129
668,1129
750,1129
834,1129
838,1129
1063,1129
1133,1129
1215,1129
1216,1129
1226,1129
1288,1129
1289,1129
1295,1129
1302,1129
24,1195
750,1195
837,1195
1288,1195
24,1216
265,1216
416,1216
752,1216
789,1216
834,1216
1129,1216
1209,1216
24,1293
416,1293
644,1293
668,1293
713,1293
750,1293
752,1293
768,1293
834,1293
887,1293
1209,1293
1288,1293
1289,1293
1302,1293
24,1295
265,1295
266,1295
388,1295
416,1295
428,1295
452,1295
644,1295
648,1295
697,1295
750,1295
789,1295
816,1295
834,1295
860,1295
869,1295
884,1295
972,1295
1063,1295
1129,1295
1215,1295
1289,1295
1302,1295
1374,1295
24,1306
265,1306
471,1306
573,1306
834,1306
1374,1306
25,436
26,896
492,896
529,896
26,1002
446,1002
579,1002
647,1002
1142,1002
27,203
179,203
404,203
456,203
662,203
709,203
1353,203
27,268
57,268
202,268
405,268
520,268
650,268
746,268
912,268
975,268
1009,268
1125,268
1149,268
1285,268
1340,268
27,1265
519,1265
780,1265
820,1265
846,1265
1285,1265
28,1309
644,1309
733,1309
841,1309
956,1309
1058,1309
29,536
225,536
644,536
668,536
713,536
750,536
774,536
889,536
1061,536
1202,536
1226,536
1289,536
1302,536
1313,536
1323,536
1374,536
29,573
232,573
388,573
416,573
511,573
604,573
625,573
638,573
713,573
750,573
760,573
770,573
884,573
887,573
992,573
1115,573
1306,573
1332,573
1374,573
29,668
397,668
428,668
452,668
471,668
536,668
540,668
547,668
551,668
638,668
644,668
681,668
713,668
750,668
768,668
774,668
887,668
909,668
958,668
1059,668
1063,668
1103,668
1104,668
1129,668
1168,668
1209,668
1215,668
1288,668
1289,668
1293,668
1302,668
1366,668
29,718
300,718
388,718
416,718
638,718
750,718
753,718
978,718
29,889
242,889
536,889
625,889
744,889
752,889
1059,889
1103,889
1288,889
1289,889
1302,889
29,909
416,909
428,909
644,909
668,909
750,909
822,909
860,909
951,909
1059,909
1063,909
1288,909
1289,909
29,951
388,951
416,951
428,951
547,951
604,951
750,951
752,951
768,951
834,951
838,951
860,951
887,951
909,951
1209,951
1289,951
1302,951
1374,951
29,1027
388,1027
604,1027
750,1027
752,1027
887,1027
1103,1027
1104,1027
1209,1027
1302,1027
29,1168
416,1168
452,1168
551,1168
644,1168
668,1168
681,1168
750,1168
1059,1168
1121,1168
1226,1168
1288,1168
1289,1168
1302,1168
1307,1168
29,1374
416,1374
428,1374
452,1374
471,1374
536,1374
542,1374
573,1374
638,1374
644,1374
657,1374
681,1374
713,1374
750,1374
752,1374
753,1374
768,1374
774,1374
789,1374
834,1374
838,1374
860,1374
951,1374
1063,1374
1103,1374
1198,1374
1288,1374
1289,1374
1295,1374
1302,1374
1306,1374
1324,1374
30,77
192,77
208,77
324,77
403,77
494,77
548,77
614,77
675,77
922,77
953,77
1174,77
1218,77
1267,77
30,192
77,192
30,391
271,391
498,391
617,391
618,391
655,391
704,391
723,391
749,391
819,391
874,391
883,391
938,391
953,391
1174,391
1273,391
31,862
32,50
682,50
1130,50
32,278
89,278
491,278
685,278
695,278
728,278
1248,278
1304,278
32,509
59,509
518,509
897,509
1103,509
1139,509
1187,509
1372,509
32,571
96,571
1314,571
1332,571
32,637
33,637
1140,637
32,770
232,770
235,770
454,770
573,770
742,770
1105,770
1191,770
1196,770
1235,770
1258,770
32,919
596,919
1105,919
1372,919
32,1105
129,1105
255,1105
318,1105
358,1105
518,1105
617,1105
626,1105
770,1105
795,1105
806,1105
835,1105
884,1105
903,1105
914,1105
919,1105
937,1105
1149,1105
1156,1105
1208,1105
1241,1105
1258,1105
1296,1105
1369,1105
32,1160
42,1160
196,1160
367,1160
418,1160
450,1160
490,1160
493,1160
835,1160
991,1160
1149,1160
1221,1160
1364,1160
32,1369
235,1369
1105,1369
1156,1369
32,1372
59,1372
294,1372
509,1372
518,1372
591,1372
608,1372
667,1372
695,1372
879,1372
893,1372
897,1372
919,1372
1082,1372
1111,1372
1116,1372
1119,1372
1196,1372
33,1350
422,1350
879,1350
954,1350
1376,1350
34,405
268,405
320,405
427,405
519,405
578,405
700,405
701,405
765,405
791,405
844,405
846,405
933,405
975,405
1122,405
1127,405
1137,405
1312,405
1321,405
34,577
107,577
214,577
367,577
377,577
394,577
465,577
466,577
478,577
506,577
520,577
546,577
594,577
645,577
700,577
716,577
791,577
820,577
900,577
912,577
921,577
975,577
985,577
1079,577
1122,577
1125,577
1299,577
1312,577
34,645
367,645
394,645
520,645
577,645
803,645
983,645
1060,645
1079,645
1122,645
1149,645
1285,645
34,680
1006,680
1137,680
34,1006
427,1006
578,1006
641,1006
680,1006
700,1006
780,1006
791,1006
803,1006
846,1006
856,1006
949,1006
975,1006
1149,1006
1157,1006
1172,1006
1340,1006
34,1079
367,1079
377,1079
520,1079
577,1079
645,1079
716,1079
912,1079
983,1079
985,1079
991,1079
994,1079
1122,1079
1149,1079
1285,1079
1299,1079
1333,1079
1353,1079
34,1137
53,1137
405,1137
680,1137
914,1137
34,1285
45,1285
57,1285
106,1285
158,1285
177,1285
179,1285
214,1285
244,1285
268,1285
283,1285
358,1285
367,1285
377,1285
379,1285
401,1285
427,1285
442,1285
459,1285
465,1285
478,1285
519,1285
520,1285
526,1285
595,1285
623,1285
634,1285
645,1285
666,1285
701,1285
735,1285
765,1285
785,1285
791,1285
835,1285
846,1285
853,1285
900,1285
903,1285
911,1285
921,1285
943,1285
945,1285
975,1285
983,1285
985,1285
1035,1285
1079,1285
1091,1285
1125,1285
1148,1285
1149,1285
1265,1285
1299,1285
1340,1285
1353,1285
34,1299
395,1299
567,1299
577,1299
582,1299
594,1299
933,1299
983,1299
1060,1299
1079,1299
1285,1299
1333,1299
1371,1299
34,1353
203,1353
394,1353
478,1353
506,1353
594,1353
650,1353
912,1353
913,1353
986,1353
1035,1353
1079,1353
1285,1353
35,954
206,954
209,954
239,954
241,954
266,954
446,954
603,954
654,954
667,954
695,954
766,954
773,954
1058,954
1155,954
1202,954
1245,954
1350,954
36,246
36,1048
501,1048
706,1048
37,256
37,275
41,275
429,275
580,275
754,275
1021,275
1276,275
37,277
182,277
258,277
445,277
684,277
748,277
786,277
906,277
953,277
1161,277
1338,277
37,426
232,426
455,426
525,426
624,426
742,426
756,426
1175,426
37,448
273,448
357,448
446,448
585,448
741,448
836,448
978,448
1007,448
1030,448
37,454
108,454
237,454
357,454
770,454
872,454
879,454
937,454
978,454
1007,454
1344,454
37,475
258,475
516,475
705,475
906,475
37,543
41,543
232,543
258,543
433,543
551,543
657,543
681,543
687,543
767,543
1116,543
1202,543
37,681
54,681
80,681
162,681
543,681
551,681
644,681
657,681
668,681
713,681
736,681
741,681
742,681
750,681
768,681
910,681
1103,681
1168,681
1250,681
1288,681
1324,681
1359,681
1374,681
37,684
277,684
910,684
1040,684
1135,684
37,687
90,687
112,687
310,687
543,687
551,687
569,687
1049,687
1082,687
1116,687
1136,687
37,754
41,754
275,754
429,754
580,754
1021,754
1228,754
1276,754
37,971
184,971
397,971
399,971
37,978
89,978
237,978
282,978
357,978
448,978
454,978
636,978
718,978
878,978
904,978
1342,978
37,1007
276,1007
357,1007
448,1007
454,1007
812,1007
37,1021
275,1021
429,1021
754,1021
1276,1021
37,1136
551,1136
687,1136
739,1136
910,1136
1082,1136
1119,1136
1359,1136
37,1228
332,1228
429,1228
580,1228
754,1228
939,1228
37,1276
275,1276
429,1276
580,1276
754,1276
844,1276
1021,1276
37,1300
237,1300
504,1300
587,1300
624,1300
677,1300
692,1300
724,1300
1135,1300
1185,1300
1250,1300
38,440
218,440
588,440
967,440
38,790
240,790
1044,790
1177,790
1212,790
1367,790
38,967
440,967
809,967
38,1044
790,1044
1177,1044
1212,1044
1367,1044
38,1177
790,1177
960,1177
1044,1177
1176,1177
1212,1177
1367,1177
38,1212
58,1212
790,1212
1044,1212
1177,1212
38,1367
54,1367
588,1367
790,1367
833,1367
988,1367
1044,1367
1177,1367
39,1263
159,1263
582,1263
682,1263
743,1263
803,1263
1060,1263
1130,1263
1157,1263
40,1270
282,1270
455,1270
551,1270
557,1270
574,1270
624,1270
699,1270
703,1270
705,1270
1113,1270
1342,1270
1345,1270
41,501
226,501
258,501
530,501
587,501
605,501
624,501
664,501
690,501
705,501
767,501
906,501
1048,501
1053,501
1087,501
1112,501
1166,501
1280,501
41,984
420,984
551,984
574,984
587,984
603,984
773,984
1003,984
1053,984
1082,984
1202,984
1337,984
41,1070
232,1070
344,1070
354,1070
474,1070
492,1070
574,1070
678,1070
699,1070
705,1070
710,1070
793,1070
828,1070
867,1070
960,1070
1053,1070
1135,1070
1140,1070
1335,1070
42,457
467,457
1066,457
1213,457
42,467
457,467
1066,467
1213,467
42,932
280,932
303,932
376,932
502,932
532,932
1041,932
1064,932
1319,932
42,1066
457,1066
467,1066
1213,1066
42,1068
127,1068
220,1068
1119,1068
42,1098
412,1098
830,1098
914,1098
1082,1098
1220,1098
42,1182
507,1182
512,1182
618,1182
953,1182
1128,1182
42,1213
457,1213
467,1213
1066,1213
43,228
422,228
579,228
1142,228
43,446
254,446
448,446
579,446
954,446
1002,446
43,579
228,579
446,579
647,579
1002,579
1142,579
43,1142
228,1142
579,1142
627,1142
1002,1142
44,366
630,366
1264,366
44,741
448,741
681,741
1185,741
44,1119
70,1119
269,1119
1068,1119
1136,1119
1288,1119
1372,1119
46,398
473,398
576,398
880,398
1050,398
1237,398
1242,398
46,473
243,473
398,473
576,473
728,473
880,473
1242,473
46,880
398,880
473,880
1050,880
1208,880
1242,880
46,972
207,972
208,972
241,972
431,972
667,972
864,972
908,972
980,972
1217,972
1237,972
1295,972
46,1050
398,1050
864,1050
880,1050
1242,1050
46,1208
514,1208
758,1208
880,1208
980,1208
1105,1208
1237,1208
46,1242
398,1242
473,1242
576,1242
880,1242
1050,1242
47,312
905,312
966,312
47,484
188,484
665,484
47,521
101,521
155,521
188,521
189,521
468,521
638,521
652,521
671,521
694,521
1215,521
1302,521
47,652
452,652
521,652
528,652
671,652
694,652
750,652
956,652
1093,652
1103,652
1104,652
1215,652
1289,652
1302,652
1311,652
47,665
101,665
188,665
484,665
638,665
702,665
845,665
1043,665
1351,665
47,694
101,694
521,694
652,694
1215,694
1302,694
48,411
58,411
49,853
392,853
506,853
520,853
1285,853
49,1227
296,1227
369,1227
427,1227
682,1227
943,1227
1017,1227
1036,1227
1051,1227
1290,1227
50,32
278,32
509,32
571,32
637,32
770,32
919,32
1105,32
1149,32
1160,32
1369,32
1372,32
50,1130
336,1130
367,1130
384,1130
1060,1130
1263,1130
51,1282
282,1282
636,1282
677,1282
1176,1282
52,552
764,552
858,552
1004,552
1086,552
1108,552
1303,552
52,764
552,764
858,764
1004,764
1086,764
1108,764
1303,764
52,858
552,858
764,858
1086,858
1108,858
1303,858
52,1004
552,1004
764,1004
1086,1004
1303,1004
52,1086
552,1086
764,1086
858,1086
1004,1086
1303,1086
52,1108
552,1108
764,1108
858,1108
1303,1108
52,1303
552,1303
764,1303
858,1303
1004,1303
1086,1303
1108,1303
54,988
58,988
1367,988
55,2
56,960
195,960
258,960
574,960
587,960
593,960
699,960
758,960
829,960
879,960
1070,960
1124,960
1134,960
1158,960
1176,960
1177,960
1185,960
1352,960
57,106
914,106
1285,106
57,158
1285,158
57,214
179,214
456,214
577,214
871,214
900,214
1149,214
1285,214
1321,214
57,261
57,352
567,352
931,352
57,367
107,367
201,367
336,367
395,367
409,367
410,367
465,367
478,367
490,367
519,367
520,367
534,367
564,367
567,367
572,367
577,367
578,367
634,367
645,367
650,367
651,367
653,367
666,367
682,367
689,367
700,367
716,367
735,367
803,367
808,367
811,367
820,367
835,367
846,367
856,367
894,367
900,367
903,367
914,367
923,367
930,367
933,367
975,367
983,367
991,367
994,367
1060,367
1079,367
1091,367
1122,367
1130,367
1149,367
1160,367
1197,367
1221,367
1254,367
1260,367
1271,367
1273,367
1285,367
1312,367
1321,367
1333,367
1375,367
57,520
107,520
179,520
213,520
268,520
308,520
362,520
367,520
377,520
394,520
395,520
410,520
414,520
459,520
483,520
506,520
518,520
519,520
534,520
567,520
572,520
577,520
578,520
582,520
595,520
600,520
635,520
645,520
650,520
662,520
701,520
733,520
746,520
785,520
840,520
844,520
853,520
911,520
914,520
975,520
994,520
1008,520
1009,520
1026,520
1034,520
1079,520
1122,520
1149,520
1189,520
1196,520
1254,520
1273,520
1285,520
1321,520
1375,520
57,595
506,595
520,595
1285,595
57,911
520,911
720,911
912,911
1035,911
1285,911
1290,911
1371,911
57,985
506,985
577,985
912,985
1079,985
1149,985
1285,985
58,1096
59,241
908,241
954,241
972,241
59,695
92,695
278,695
610,695
866,695
897,695
954,695
956,695
982,695
1156,695
1187,695
1189,695
1246,695
1314,695
1319,695
1372,695
59,1269
181,1269
1117,1269
59,1319
480,1319
518,1319
695,1319
932,1319
1191,1319
1297,1319
60,1117
1269,1117
61,208
77,208
381,208
431,208
514,208
667,208
670,208
864,208
972,208
980,208
1217,208
1237,208
1245,208
1344,208
62,619
118,619
548,619
760,619
767,619
63,1325
432,1325
1102,1325
1221,1325
1241,1325
1283,1325
64,441
588,441
65,482
488,482
585,482
1015,482
1065,482
1221,482
1354,482
65,488
482,488
1015,488
1264,488
65,1015
482,1015
488,1015
66,1107
271,1107
477,1107
512,1107
599,1107
615,1107
618,1107
749,1107
761,1107
825,1107
830,1107
851,1107
883,1107
938,1107
990,1107
1099,1107
1206,1107
1346,1107
67,660
104,660
136,660
729,660
854,660
67,729
104,729
660,729
67,842
810,842
68,345
68,550
649,550
691,550
1001,550
1203,550
1223,550
68,649
550,649
691,649
1001,649
1203,649
1223,649
68,691
550,691
649,691
1001,691
1203,691
1223,691
68,1001
550,1001
649,1001
691,1001
1203,1001
1223,1001
68,1203
550,1203
649,1203
691,1203
1001,1203
1223,1203
68,1223
550,1223
649,1223
691,1223
1001,1223
1203,1223
69,837
183,837
184,837
739,837
855,837
893,837
956,837
1195,837
69,1258
108,1258
235,1258
421,1258
770,1258
1065,1258
1105,1258
70,494
77,494
70,530
501,530
1058,530
1341,530
70,844
320,844
405,844
520,844
534,844
701,844
1276,844
70,969
562,969
760,969
914,969
980,969
1332,969
70,1341
530,1341
71,1356
213,1356
519,1356
534,1356
662,1356
914,1356
1149,1356
72,854
104,854
660,854
73,616
732,616
787,616
792,616
962,616
1081,616
1123,616
73,732
616,732
787,732
792,732
1123,732
73,787
554,787
616,787
732,787
792,787
962,787
1081,787
1123,787
1205,787
73,792
616,792
732,792
787,792
962,792
1081,792
1123,792
1205,792
73,962
616,962
787,962
792,962
1081,962
1123,962
1205,962
73,1081
616,1081
787,1081
792,1081
962,1081
1123,1081
1205,1081
73,1123
616,1123
732,1123
787,1123
792,1123
962,1123
1081,1123
73,1164
460,1164
683,1164
721,1164
751,1164
1186,1164
1264,1164
73,1205
787,1205
792,1205
962,1205
1081,1205
1186,1205
74,1133
884,1133
1129,1133
75,139
1370,139
75,1370
139,1370
76,326
232,326
678,326
940,326
76,784
940,784
1301,784
76,940
232,940
326,940
784,940
76,1301
784,1301
77,30
192,30
391,30
77,324
610,324
1240,324
1246,324
77,403
786,403
953,403
968,403
1069,403
1267,403
1338,403
77,548
258,548
619,548
667,548
767,548
786,548
953,548
77,614
613,614
786,614
922,614
953,614
968,614
1020,614
1218,614
1267,614
77,675
922,675
953,675
1069,675
1161,675
1338,675
77,922
614,922
675,922
786,922
953,922
1174,922
1267,922
1338,922
77,953
99,953
103,953
182,953
187,953
277,953
391,953
403,953
507,953
512,953
529,953
548,953
614,953
618,953
675,953
704,953
712,953
723,953
748,953
786,953
831,953
874,953
883,953
922,953
968,953
1020,953
1069,953
1128,953
1140,953
1161,953
1174,953
1182,953
1218,953
1267,953
1273,953
1338,953
1355,953
77,1174
391,1174
655,1174
704,1174
714,1174
883,1174
922,1174
953,1174
968,1174
1267,1174
1273,1174
77,1218
445,1218
614,1218
953,1218
77,1267
403,1267
614,1267
704,1267
723,1267
922,1267
953,1267
1161,1267
1174,1267
1338,1267
78,545
421,545
451,545
587,545
78,737
175,737
406,737
632,737
659,737
843,737
916,737
981,737
1163,737
78,843
406,843
659,843
737,843
916,843
78,916
91,916
406,916
551,916
632,916
659,916
737,916
843,916
981,916
1153,916
78,981
91,981
551,981
632,981
659,981
737,981
916,981
1153,981
79,163
998,163
80,417
81,870
1248,870
1304,870
81,1248
108,1248
274,1248
278,1248
294,1248
420,1248
713,1248
775,1248
870,1248
1121,1248
1140,1248
1304,1248
82,400
731,400
859,400
1055,400
1167,400
82,731
400,731
859,731
1055,731
82,859
400,859
731,859
1055,859
1167,859
82,1055
400,1055
731,1055
859,1055
82,1167
400,1167
859,1167
83,122
1057,122
83,1057
122,1057
84,591
294,591
608,591
739,591
1288,591
1372,591
84,836
89,836
448,836
1229,836
85,396
499,396
823,396
961,396
964,396
1373,396
85,499
396,499
823,499
961,499
964,499
1373,499
85,823
396,823
499,823
961,823
964,823
1373,823
85,961
396,961
499,961
823,961
964,961
1373,961
85,964
396,964
499,964
823,964
961,964
1373,964
85,1373
396,1373
499,1373
641,1373
823,1373
961,1373
964,1373
86,551
172,551
378,551
492,551
543,551
587,551
624,551
659,551
668,551
681,551
687,551
713,551
750,551
807,551
879,551
887,551
916,551
981,551
984,551
1082,551
1111,551
1113,551
1136,551
1168,551
1270,551
1288,551
1289,551
1297,551
1342,551
86,733
108,733
308,733
310,733
358,733
362,733
459,733
520,733
635,733
682,733
883,733
1008,733
1082,733
1116,733
1118,733
1292,733
1309,733
1321,733
86,996
375,996
524,996
87,941
88,415
89,357
237,357
306,357
373,357
421,357
448,357
454,357
491,357
529,357
585,357
627,357
712,357
726,357
763,357
773,357
904,357
978,357
1007,357
1030,357
1087,357
1111,357
1126,357
1210,357
1264,357
89,1264
136,1264
237,1264
306,1264
357,1264
364,1264
366,1264
373,1264
488,1264
763,1264
904,1264
1164,1264
90,603
313,603
492,603
569,603
574,603
625,603
654,603
766,603
822,603
954,603
984,603
995,603
1003,603
1018,603
1080,603
1202,603
1236,603
1292,603
1297,603
1329,603
91,1153
175,1153
632,1153
692,1153
916,1153
981,1153
1163,1153
91,1185
495,1185
624,1185
677,1185
741,1185
892,1185
960,1185
1162,1185
1300,1185
92,610
145,610
324,610
695,610
957,610
1240,610
1246,610
93,238
1268,238
1334,238
93,1056
93,1268
238,1268
1334,1268
93,1334
238,1334
1268,1334
94,351
570,351
95,629
926,629
1251,629
95,926
629,926
95,1251
629,1251
96,1256
273,1256
829,1256
878,1256
97,311
810,311
1349,311
98,254
373,254
435,254
446,254
627,254
647,254
830,254
879,254
945,254
987,254
98,653
367,653
518,653
608,653
986,653
1139,653
99,103
507,103
778,103
783,103
920,103
953,103
1131,103
99,264
316,264
498,264
512,264
599,264
609,264
617,264
655,264
673,264
704,264
725,264
734,264
783,264
819,264
851,264
883,264
938,264
990,264
1032,264
1099,264
1118,264
1144,264
1206,264
1326,264
1343,264
99,477
609,477
615,477
617,477
631,477
725,477
734,477
749,477
883,477
938,477
1107,477
1206,477
1346,477
99,512
129,512
142,512
264,512
587,512
599,512
617,512
920,512
953,512
1020,512
1107,512
1131,512
1132,512
1182,512
1222,512
99,587
226,587
258,587
344,587
374,587
434,587
472,587
485,587
501,587
512,587
545,587
551,587
574,587
602,587
624,587
643,587
667,587
690,587
698,587
705,587
755,587
758,587
775,587
812,587
833,587
906,587
924,587
960,587
984,587
1053,587
1132,587
1134,587
1140,587
1176,587
1206,587
1280,587
1284,587
1300,587
99,609
264,609
477,609
615,609
617,609
631,609
734,609
819,609
883,609
990,609
1140,609
1144,609
1343,609
1344,609
1346,609
99,615
187,615
477,615
609,615
631,615
714,615
725,615
734,615
749,615
883,615
938,615
1107,615
1346,615
99,617
134,617
264,617
271,617
316,617
391,617
477,617
498,617
512,617
599,617
609,617
618,617
655,617
688,617
714,617
734,617
761,617
783,617
819,617
883,617
1032,617
1099,617
1105,617
1118,617
1147,617
1326,617
1343,617
99,631
477,631
609,631
615,631
734,631
749,631
825,631
990,631
1032,631
1140,631
1206,631
1346,631
99,704
264,704
391,704
498,704
507,704
599,704
655,704
673,704
714,704
723,704
749,704
874,704
881,704
883,704
953,704
968,704
1174,704
1267,704
1273,704
99,734
264,734
477,734
498,734
609,734
615,734
617,734
631,734
725,734
749,734
825,734
883,734
938,734
1032,734
1118,734
1206,734
1346,734
99,749
391,749
477,749
507,749
615,749
618,749
631,749
655,749
704,749
734,749
883,749
1099,749
1107,749
1206,749
1273,749
1346,749
99,761
617,761
714,761
883,761
1107,761
1147,761
99,783
103,783
134,783
264,783
504,783
617,783
655,783
723,783
883,783
1032,783
1099,783
1131,783
1155,783
1343,783
99,819
264,819
271,819
316,819
391,819
599,819
609,819
617,819
655,819
851,819
883,819
1144,819
1147,819
99,825
631,825
655,825
734,825
883,825
990,825
1107,825
1346,825
99,851
264,851
271,851
819,851
1099,851
1107,851
1131,851
1144,851
99,883
264,883
271,883
316,883
391,883
477,883
498,883
599,883
609,883
615,883
617,883
618,883
655,883
673,883
704,883
725,883
733,883
734,883
749,883
761,883
783,883
819,883
825,883
874,883
881,883
938,883
953,883
990,883
1099,883
1107,883
1118,883
1147,883
1174,883
1206,883
1273,883
1326,883
1346,883
99,990
264,990
609,990
631,990
825,990
883,990
1099,990
1107,990
1206,990
1346,990
99,1032
264,1032
617,1032
631,1032
734,1032
783,1032
1099,1032
1140,1032
1206,1032
99,1099
264,1099
271,1099
599,1099
617,1099
723,1099
749,1099
783,1099
851,1099
874,1099
881,1099
883,1099
938,1099
990,1099
1028,1099
1032,1099
1107,1099
1118,1099
1131,1099
1155,1099
1206,1099
1343,1099
1346,1099
99,1118
264,1118
316,1118
498,1118
599,1118
617,1118
618,1118
655,1118
673,1118
688,1118
733,1118
734,1118
883,1118
1099,1118
1206,1118
1326,1118
1343,1118
99,1144
264,1144
609,1144
655,1144
819,1144
851,1144
1206,1144
99,1147
316,1147
617,1147
725,1147
761,1147
819,1147
883,1147
938,1147
977,1147
1222,1147
1346,1147
99,1206
264,1206
477,1206
587,1206
631,1206
643,1206
734,1206
749,1206
883,1206
990,1206
1032,1206
1099,1206
1107,1206
1118,1206
1132,1206
1144,1206
1346,1206
99,1346
477,1346
609,1346
615,1346
631,1346
734,1346
749,1346
825,1346
883,1346
938,1346
990,1346
1028,1346
1099,1346
1107,1346
1147,1346
1206,1346
100,554
787,554
101,155
521,155
789,155
101,189
188,189
521,189
101,350
101,524
188,524
702,524
845,524
905,524
996,524
1103,524
1351,524
101,702
524,702
665,702
845,702
1043,702
1351,702
101,715
188,715
1351,715
101,1043
665,1043
702,1043
845,1043
1351,1043
101,1351
188,1351
524,1351
665,1351
702,1351
715,1351
845,1351
1043,1351
102,1047
323,1047
654,1047
692,1047
755,1047
1134,1047
1324,1047
103,99
264,99
477,99
512,99
587,99
609,99
615,99
617,99
631,99
704,99
734,99
749,99
761,99
783,99
819,99
825,99
851,99
883,99
953,99
990,99
1032,99
1099,99
1118,99
1144,99
1147,99
1206,99
1346,99
103,507
704,507
714,507
723,507
749,507
881,507
953,507
968,507
1128,507
1182,507
103,778
502,778
633,778
667,778
914,778
1041,778
1124,778
1359,778
103,920
512,920
1128,920
103,1131
209,1131
512,1131
783,1131
851,1131
1028,1131
1099,1131
105,394
174,394
465,394
520,394
577,394
582,394
645,394
666,394
1125,394
1353,394
105,566
1199,566
105,1199
566,1199
106,57
158,57
214,57
261,57
268,57
352,57
367,57
414,57
520,57
595,57
911,57
985,57
1285,57
106,914
127,914
159,914
367,914
387,914
520,914
532,914
570,914
634,914
682,914
760,914
778,914
856,914
897,914
944,914
969,914
1098,914
1105,914
1137,914
1151,914
1332,914
1356,914
1357,914
107,572
297,572
367,572
518,572
520,572
682,572
846,572
930,572
979,572
1149,572
107,808
308,808
367,808
401,808
594,808
682,808
803,808
921,808
994,808
1254,808
107,846
341,846
367,846
405,846
414,846
427,846
572,846
578,846
743,846
780,846
803,846
856,846
1006,846
1265,846
1285,846
108,22
999,22
1244,22
108,86
551,86
733,86
996,86
1202,86
108,193
500,193
1033,193
108,1297
173,1297
539,1297
551,1297
603,1297
739,1297
897,1297
1018,1297
1112,1297
1115,1297
1319,1297
1362,1297
109,594
340,594
349,594
478,594
577,594
589,594
682,594
709,594
735,594
791,594
803,594
808,594
820,594
933,594
943,594
1122,594
1254,594
1299,594
1353,594
109,820
283,820
296,820
367,820
577,820
594,820
1148,820
1265,820
1340,820
110,372
443,372
711,372
799,372
852,372
947,372
1201,372
111,140
191,140
1089,140
112,555
378,555
515,555
549,555
686,555
757,555
901,555
936,555
1042,555
1045,555
1109,555
1261,555
113,149
185,149
449,149
113,185
149,185
449,185
113,449
149,449
185,449
114,458
500,458
917,458
1022,458
114,917
458,917
976,917
114,974
500,974
1278,974
115,781
117,781
1320,781
115,1320
117,1320
781,1320
116,216
116,976
917,976
118,705
258,705
302,705
344,705
373,705
433,705
453,705
472,705
475,705
501,705
574,705
587,705
602,705
605,705
624,705
667,705
690,705
699,705
755,705
758,705
767,705
812,705
829,705
906,705
1000,705
1014,705
1053,705
1070,705
1080,705
1087,705
1112,705
1132,705
1134,705
1135,705
1140,705
1166,705
1270,705
1280,705
1317,705
1345,705
1355,705
119,776
325,776
850,776
120,510
133,510
172,510
272,510
663,510
121,148
565,148
814,148
121,565
148,565
814,565
121,814
148,814
565,814
122,83
1057,83
123,430
762,430
955,430
1287,430
1294,430
123,762
430,762
955,762
1287,762
1294,762
123,955
430,955
762,955
1287,955
1294,955
123,1287
430,1287
762,1287
955,1287
1294,1287
123,1294
430,1294
762,1294
955,1294
1287,1294
124,212
558,212
877,212
124,558
212,558
877,558
124,877
212,877
558,877
125,888
126,1368
186,1368
993,1368
1052,1368
127,840
404,840
520,840
526,840
847,840
1089,840
1149,840
128,176
470,176
815,176
128,444
815,444
1019,444
128,470
176,470
128,815
176,815
444,815
1019,815
129,626
1105,626
1330,626
130,671
521,671
528,671
652,671
1215,671
1311,671
130,876
798,876
861,876
1029,876
130,1029
798,1029
861,1029
876,1029
131,418
363,418
1160,418
131,711
135,711
371,711
372,711
443,711
852,711
947,711
1201,711
131,947
135,947
371,947
372,947
443,947
711,947
799,947
852,947
1201,947
1354,947
132,3
132,1082
146,1082
172,1082
173,1082
237,1082
551,1082
687,1082
733,1082
879,1082
910,1082
984,1082
1098,1082
1116,1082
1136,1082
1304,1082
1372,1082
132,1157
409,1157
518,1157
803,1157
811,1157
1006,1157
1263,1157
133,663
272,663
510,663
1243,663
134,1343
264,1343
609,1343
617,1343
655,1343
783,1343
1099,1343
1118,1343
135,799
372,799
443,799
852,799
947,799
135,852
372,852
711,852
799,852
947,852
135,1201
372,1201
443,1201
711,1201
947,1201
137,303
932,303
137,817
182,817
138,181
1269,181
1322,181
138,269
481,269
706,269
1119,269
1331,269
138,1234
1322,1234
138,1322
181,1322
1234,1322
139,75
1370,75
140,111
140,191
140,1089
459,1089
532,1089
546,1089
621,1089
840,1089
987,1089
141,170
421,170
141,1020
512,1020
614,1020
618,1020
953,1020
143,1352
291,1352
960,1352
144,642
146,421
170,421
357,421
529,421
545,421
712,421
756,421
872,421
1030,421
1210,421
1258,421
146,553
358,553
1260,553
147,1159
959,1159
148,121
565,121
814,121
149,113
185,113
449,113
150,537
570,537
751,537
150,721
460,721
683,721
1164,721
151,1064
280,1064
932,1064
1041,1064
152,557
1270,557
153,259
153,384
321,384
803,384
944,384
949,384
1060,384
1130,384
1211,384
153,633
476,633
778,633
899,633
1204,633
153,1221
195,1221
232,1221
253,1221
367,1221
425,1221
432,1221
482,1221
568,1221
621,1221
682,1221
1160,1221
1241,1221
1283,1221
1325,1221
154,523
830,523
1292,523
155,101
188,101
189,101
350,101
521,101
524,101
665,101
694,101
702,101
715,101
1043,101
1351,101
156,864
206,864
208,864
514,864
760,864
908,864
972,864
1050,864
1217,864
156,904
237,904
357,904
726,904
978,904
1111,904
1264,904
157,995
167,995
186,995
270,995
603,995
1135,995
159,949
384,949
641,949
791,949
803,949
879,949
900,949
930,949
1006,949
1214,949
160,239
544,239
954,239
1171,239
1184,239
160,544
239,544
1171,544
1184,544
160,1171
239,1171
544,1171
747,1171
1184,1171
161,221
161,493
1060,493
1077,493
1160,493
1333,493
161,983
174,983
367,983
395,983
582,983
645,983
650,983
666,983
933,983
1060,983
1079,983
1197,983
1285,983
1299,983
1371,983
161,1333
319,1333
320,1333
321,1333
367,1333
493,1333
634,1333
689,1333
716,1333
835,1333
903,1333
991,1333
1060,1333
1079,1333
1254,1333
1299,1333
1371,1333
161,1371
377,1371
478,1371
506,1371
567,1371
582,1371
835,1371
847,1371
911,1371
983,1371
991,1371
1023,1371
1148,1371
1149,1371
1197,1371
1299,1371
1333,1371
162,5
508,5
163,79
163,998
164,165
937,165
164,526
685,526
840,526
928,526
1127,526
1285,526
165,164
526,164
165,937
454,937
459,937
575,937
636,937
1105,937
1275,937
166,881
271,881
507,881
599,881
704,881
883,881
1099,881
1128,881
1273,881
168,1067
1274,1067
168,1230
168,1274
1067,1274
169,234
169,1224
308,1224
359,1224
535,1224
621,1224
1035,1224
170,141
1020,141
172,420
574,420
758,420
984,420
1248,420
1329,420
1362,420
172,736
681,736
879,736
173,1362
420,1362
1297,1362
174,666
367,666
394,666
743,666
803,666
983,666
1285,666
174,797
174,866
539,866
596,866
695,866
175,632
406,632
659,632
737,632
916,632
981,632
1153,632
1163,632
176,128
444,128
470,128
815,128
177,913
317,913
442,913
871,913
1290,913
1353,913
178,288
942,288
1072,288
1084,288
1106,288
1151,288
1169,288
1252,288
1328,288
178,707
942,707
1151,707
1252,707
178,942
288,942
707,942
1106,942
1151,942
178,1072
288,1072
1084,1072
1106,1072
1151,1072
178,1084
288,1084
1072,1084
1106,1084
1151,1084
178,1106
288,1106
942,1106
1072,1106
1084,1106
1151,1106
1252,1106
178,1151
288,1151
518,1151
707,1151
847,1151
914,1151
942,1151
1072,1151
1084,1151
1106,1151
1169,1151
1252,1151
1328,1151
178,1169
288,1169
1151,1169
1328,1169
178,1252
288,1252
707,1252
1106,1252
1151,1252
178,1328
288,1328
1151,1328
1169,1328
179,337
179,395
367,395
520,395
582,395
682,395
709,395
735,395
983,395
1149,395
1299,395
179,506
520,506
577,506
595,506
853,506
985,506
986,506
1125,506
1353,506
1371,506
179,518
509,518
520,518
534,518
572,518
653,518
803,518
1105,518
1122,518
1151,518
1157,518
1319,518
1372,518
179,567
352,567
361,567
367,567
520,567
933,567
1149,567
1254,567
1299,567
1371,567
179,635
308,635
520,635
733,635
179,1148
296,1148
404,1148
820,1148
1285,1148
1371,1148
179,1189
273,1189
520,1189
695,1189
1298,1189
179,1290
871,1290
911,1290
913,1290
994,1290
1017,1290
1035,1290
1227,1290
180,513
1194,513
180,1194
513,1194
181,138
269,138
1234,138
1322,138
182,793
184,793
433,793
574,793
739,793
906,793
1070,793
182,1069
403,1069
525,1069
675,1069
953,1069
1338,1069
182,1161
277,1161
516,1161
605,1161
667,1161
675,1161
748,1161
786,1161
831,1161
953,1161
1083,1161
1135,1161
1267,1161
182,1338
277,1338
403,1338
675,1338
748,1338
786,1338
829,1338
922,1338
953,1338
1069,1338
1267,1338
183,412
527,412
973,412
1098,412
183,739
184,739
591,739
793,739
837,739
855,739
1013,739
1101,739
1112,739
1136,739
1250,739
1297,739
1329,739
183,893
184,893
596,893
837,893
855,893
1101,893
1372,893
183,1013
739,1013
855,1013
1101,1013
183,1101
739,1101
855,1101
893,1101
956,1101
1013,1101
1332,1101
184,855
739,855
837,855
893,855
1013,855
1101,855
186,745
381,745
738,745
794,745
993,745
1037,745
1052,745
186,794
342,794
381,794
738,794
745,794
993,794
1037,794
1052,794
1253,794
186,993
325,993
381,993
738,993
745,993
794,993
1052,993
1253,993
1368,993
186,1037
381,1037
738,1037
745,1037
794,1037
1052,1037
1253,1037
186,1052
381,1052
738,1052
745,1052
794,1052
993,1052
1037,1052
1253,1052
1368,1052
186,1253
342,1253
381,1253
738,1253
794,1253
993,1253
1037,1253
1052,1253
186,1324
323,1324
654,1324
681,1324
1047,1324
1134,1324
1250,1324
1374,1324
187,309
187,714
271,714
507,714
615,714
617,714
655,714
704,714
761,714
786,714
938,714
977,714
1120,714
1174,714
1273,714
1326,714
187,723
373,723
391,723
504,723
507,723
704,723
783,723
953,723
1099,723
1222,723
1267,723
1273,723
187,725
264,725
477,725
615,725
734,725
883,725
1147,725
1222,725
187,938
264,938
271,938
391,938
477,938
615,938
618,938
655,938
714,938
734,938
883,938
977,938
1028,938
1099,938
1107,938
1120,938
1147,938
1222,938
1346,938
187,977
714,977
938,977
1028,977
1120,977
1147,977
1222,977
187,1028
209,1028
938,1028
977,1028
1099,1028
1120,1028
1131,1028
1273,1028
1346,1028
187,1120
714,1120
938,1120
977,1120
1028,1120
187,1222
512,1222
723,1222
725,1222
938,1222
977,1222
1147,1222
188,1215
452,1215
521,1215
528,1215
652,1215
668,1215
671,1215
694,1215
774,1215
838,1215
860,1215
887,1215
1059,1215
1093,1215
1103,1215
1104,1215
1129,1215
1288,1215
1289,1215
1295,1215
1302,1215
190,1311
500,1311
652,1311
671,1311
1022,1311
193,500
458,500
905,500
974,500
1022,500
1278,500
1311,500
193,1033
583,1033
622,1033
1005,1033
1076,1033
194,1292
409,1292
480,1292
523,1292
603,1292
733,1292
1220,1292
195,479
250,479
809,479
195,527
412,527
973,527
195,1124
593,1124
693,1124
778,1124
960,1124
197,805
1046,805
1232,805
1284,805
197,1046
344,1046
805,1046
924,1046
1232,1046
1284,1046
197,1232
805,1232
1046,1232
1284,1232
197,1284
587,1284
805,1284
1046,1284
1232,1284
198,199
640,199
198,640
199,640
199,198
640,198
200,450
782,450
821,450
857,450
863,450
1160,450
1364,450
200,821
450,821
782,821
857,821
1364,821
200,857
450,857
821,857
1364,857
200,1364
450,1364
821,1364
857,1364
1160,1364
202,249
297,249
505,249
202,315
986,315
202,404
203,404
600,404
835,404
840,404
1148,404
202,912
268,912
377,912
519,912
577,912
716,912
811,912
911,912
985,912
1079,912
1125,912
1149,912
1353,912
202,943
594,943
803,943
1017,943
1227,943
1254,943
1285,943
203,27
268,27
1265,27
203,179
214,179
337,179
395,179
506,179
518,179
520,179
567,179
635,179
1148,179
1189,179
1285,179
1290,179
203,456
214,456
765,456
203,662
520,662
534,662
894,662
1149,662
1356,662
203,709
395,709
594,709
979,709
204,503
581,503
963,503
1281,503
204,581
503,581
963,581
204,963
503,963
581,963
1103,963
1281,963
1376,963
204,1281
503,1281
963,1281
205,531
661,531
1075,531
1173,531
1336,531
205,661
531,661
1075,661
1173,661
1336,661
205,1075
531,1075
661,1075
1173,1075
1336,1075
205,1173
531,1173
661,1173
1075,1173
1336,1173
205,1336
531,1336
661,1336
1075,1336
1173,1336
206,1245
208,1245
514,1245
667,1245
954,1245
980,1245
1237,1245
207,514
208,514
431,514
667,514
760,514
864,514
908,514
980,514
1208,514
1217,514
1237,514
1245,514
207,1154
576,1154
208,61
208,381
738,381
745,381
794,381
993,381
1037,381
1052,381
1253,381
208,431
514,431
667,431
760,431
972,431
980,431
1237,431
1344,431
208,667
344,667
431,667
514,667
548,667
587,667
705,667
728,667
767,667
778,667
924,667
954,667
972,667
980,667
1161,667
1202,667
1237,667
1245,667
1344,667
1372,667
208,670
208,980
431,980
514,980
667,980
760,980
969,980
972,980
1208,980
1237,980
1245,980
1344,980
208,1217
514,1217
760,1217
864,1217
908,1217
972,1217
208,1237
398,1237
431,1237
514,1237
667,1237
972,1237
980,1237
1208,1237
1245,1237
1344,1237
208,1344
431,1344
454,1344
609,1344
667,1344
760,1344
980,1344
1237,1344
210,462
719,462
211,19
1196,19
212,124
558,124
877,124
213,358
297,358
553,358
733,358
915,358
1026,358
1060,358
1105,358
1149,358
1285,358
213,427
341,427
401,427
405,427
600,427
641,427
700,427
716,427
780,427
791,427
846,427
856,427
1006,427
1172,427
1211,427
1227,427
1285,427
213,1017
634,1017
803,1017
943,1017
1227,1017
1290,1017
213,1211
341,1211
384,1211
427,1211
578,1211
1172,1211
214,871
700,871
913,871
1036,871
1290,871
214,900
367,900
459,900
577,900
949,900
1034,900
1149,900
1285,900
1321,900
214,1321
308,1321
367,1321
392,1321
405,1321
465,1321
520,1321
578,1321
733,1321
780,1321
803,1321
900,1321
903,1321
1125,1321
1149,1321
215,902
867,902
216,116
976,116
217,486
639,486
769,486
935,486
1074,486
1095,486
1190,486
1239,486
217,560
639,560
769,560
875,560
935,560
1095,560
1190,560
1239,560
217,639
486,639
560,639
769,639
875,639
935,639
1012,639
1074,639
1095,639
1190,639
1239,639
217,769
486,769
560,769
639,769
875,769
1012,769
1074,769
1095,769
1239,769
217,875
560,875
639,875
769,875
935,875
1012,875
1074,875
1095,875
1190,875
1239,875
217,935
486,935
560,935
639,935
875,935
1012,935
1074,935
1095,935
217,1012
639,1012
769,1012
875,1012
935,1012
1095,1012
1327,1012
217,1074
486,1074
639,1074
769,1074
875,1074
935,1074
1239,1074
217,1095
486,1095
560,1095
639,1095
769,1095
875,1095
935,1095
1012,1095
1190,1095
1239,1095
217,1190
486,1190
560,1190
639,1190
875,1190
1095,1190
1239,1190
217,1239
486,1239
560,1239
639,1239
769,1239
875,1239
1074,1239
1095,1239
1190,1239
219,730
221,161
493,161
983,161
1333,161
1371,161
222,608
591,608
653,608
1196,608
1372,608
222,1191
585,1191
760,1191
770,1191
1319,1191
223,584
970,584
1150,584
1377,584
223,970
584,970
1058,970
1139,970
1150,970
1377,970
223,1150
584,1150
970,1150
1377,1150
223,1377
584,1377
970,1377
1150,1377
224,538
225,597
713,597
750,597
834,597
838,597
1063,597
225,1198
471,1198
644,1198
713,1198
750,1198
1313,1198
1374,1198
226,344
434,344
451,344
472,344
492,344
574,344
587,344
602,344
605,344
624,344
643,344
667,344
690,344
692,344
705,344
722,344
755,344
906,344
924,344
1014,344
1046,344
1053,344
1065,344
1070,344
1080,344
1083,344
1085,344
1132,344
1134,344
1135,344
1140,344
1176,344
1280,344
1332,344
226,434
344,434
587,434
624,434
698,434
1202,434
226,624
282,624
302,624
344,624
426,624
434,624
501,624
551,624
587,624
602,624
605,624
677,624
690,624
703,624
705,624
722,624
755,624
812,624
906,624
924,624
1014,624
1053,624
1113,624
1158,624
1176,624
1185,624
1270,624
1280,624
1300,624
1330,624
226,1132
333,1132
344,1132
512,1132
587,1132
643,1132
705,1132
1206,1132
227,897
509,897
695,897
914,897
1297,897
1372,897
228,43
446,43
579,43
1142,43
228,422
627,422
1350,422
229,1318
230,1051
347,1051
682,1051
1227,1051
231,873
885,873
231,885
873,885
934,885
231,934
885,934
232,474
828,474
1070,474
1335,474
232,607
497,607
1220,607
232,613
497,613
614,613
232,678
326,678
957,678
1070,678
1335,678
232,710
1070,710
232,828
474,828
1070,828
1335,828
232,957
610,957
678,957
713,957
1233,957
1361,957
232,1335
474,1335
678,1335
828,1335
1070,1335
233,533
656,533
788,533
1071,533
233,656
533,656
788,656
233,788
533,788
656,788
233,1071
533,1071
1354,1071
234,169
1224,169
235,318
1105,318
1156,318
235,359
742,359
1156,359
1224,359
235,742
359,742
426,742
681,742
770,742
806,742
1156,742
1235,742
235,1156
318,1156
359,1156
695,1156
742,1156
1105,1156
1235,1156
1369,1156
235,1235
742,1235
770,1235
1156,1235
236,813
481,813
948,813
1331,813
237,627
254,627
306,627
357,627
422,627
585,627
1142,627
237,807
399,807
551,807
561,807
601,807
630,807
879,807
1111,807
1214,807
1241,807
237,1111
306,1111
357,1111
551,1111
630,1111
726,1111
773,1111
807,1111
904,1111
1372,1111
238,93
1056,93
1268,93
1334,93
239,160
544,160
1171,160
239,1184
544,1184
747,1184
1171,1184
241,59
509,59
695,59
1269,59
1319,59
1372,59
241,908
514,908
864,908
972,908
1217,908
242,654
603,654
713,654
954,654
1047,654
1226,654
1324,654
242,1061
416,1061
536,1061
713,1061
750,1061
774,1061
775,1061
1226,1061
242,1226
536,1226
540,1226
574,1226
625,1226
654,1226
750,1226
774,1226
775,1226
1059,1226
1061,1226
1103,1226
1121,1226
1129,1226
1168,1226
1288,1226
1289,1226
1302,1226
243,453
646,453
705,453
767,453
906,453
1014,453
1355,453
243,576
398,576
473,576
1154,576
1242,576
243,1040
304,1040
684,1040
767,1040
831,1040
245,4
246,36
1048,36
247,785
520,785
818,785
1285,785
247,818
785,818
248,251
248,1062
1183,1062
248,1183
1062,1183
249,202
268,202
315,202
404,202
912,202
943,202
249,297
358,297
519,297
572,297
578,297
994,297
1149,297
249,505
841,505
1149,505
251,248
1062,248
1183,248
252,1077
493,1077
253,847
459,847
840,847
1008,847
1151,847
1371,847
253,928
363,928
526,928
621,928
254,98
653,98
254,373
327,373
357,373
504,373
705,373
723,373
727,373
833,373
868,373
929,373
1264,373
1272,373
254,435
585,435
647,435
945,435
987,435
254,647
435,647
579,647
987,647
1002,647
254,830
523,830
716,830
1098,830
1107,830
254,879
263,879
454,879
551,879
561,879
736,879
763,879
807,879
829,879
910,879
949,879
960,879
1082,879
1158,879
1214,879
1241,879
1350,879
1372,879
254,945
435,945
987,945
1285,945
254,987
407,987
435,987
647,987
945,987
1089,987
255,1330
624,1330
626,1330
256,37
275,37
277,37
426,37
448,37
454,37
475,37
543,37
681,37
684,37
687,37
754,37
971,37
978,37
1007,37
1021,37
1103,37
1136,37
1228,37
1276,37
1300,37
257,258
277,258
475,258
501,258
543,258
548,258
587,258
605,258
657,258
705,258
722,258
767,258
829,258
833,258
906,258
924,258
960,258
1053,258
257,516
304,516
475,516
562,516
690,516
767,516
1134,516
1135,516
1161,516
257,1280
344,1280
501,1280
587,1280
605,1280
624,1280
677,1280
699,1280
705,1280
722,1280
726,1280
755,1280
812,1280
867,1280
906,1280
924,1280
1176,1280
258,257
516,257
1280,257
258,605
344,605
501,605
624,605
705,605
906,605
1161,605
1280,605
258,657
543,657
681,657
1374,657
258,722
344,722
624,722
767,722
906,722
1014,722
1280,722
258,767
453,767
501,767
516,767
543,767
548,767
619,767
667,767
690,767
705,767
722,767
831,767
906,767
1040,767
258,829
562,829
574,829
641,829
699,829
705,829
831,829
879,829
906,829
960,829
1053,829
1256,829
1338,829
258,833
373,833
504,833
587,833
827,833
1158,833
1367,833
258,906
277,906
344,906
453,906
455,906
475,906
492,906
501,906
587,906
605,906
624,906
646,906
690,906
705,906
722,906
767,906
793,906
829,906
1014,906
1053,906
1083,906
1087,906
1135,906
1166,906
1280,906
1355,906
258,924
344,924
472,924
587,924
606,924
624,924
667,924
690,924
698,924
773,924
1046,924
1085,924
1134,924
1135,924
1280,924
258,1053
344,1053
472,1053
501,1053
562,1053
574,1053
587,1053
624,1053
699,1053
705,1053
829,1053
906,1053
984,1053
1070,1053
259,153
384,153
633,153
1221,153
260,1179
262,832
263,568
1221,568
263,1214
601,1214
807,1214
879,1214
949,1214
263,1345
574,1345
705,1345
1135,1345
1270,1345
264,316
498,316
563,316
617,316
688,316
819,316
883,316
1118,316
1147,316
1326,316
264,498
316,498
391,498
563,498
599,498
617,498
618,498
655,498
673,498
688,498
704,498
734,498
883,498
1118,498
1326,498
264,599
271,599
498,599
512,599
617,599
655,599
704,599
819,599
881,599
883,599
1099,599
1107,599
1118,599
264,655
271,655
391,655
498,655
563,655
599,655
617,655
618,655
673,655
688,655
704,655
714,655
749,655
783,655
819,655
825,655
883,655
938,655
1118,655
1144,655
1174,655
1273,655
1326,655
1343,655
264,673
498,673
655,673
704,673
883,673
1118,673
264,1326
316,1326
498,1326
563,1326
617,1326
618,1326
655,1326
688,1326
714,1326
883,1326
1118,1326
1273,1326
265,511
573,511
638,511
750,511
752,511
834,511
838,511
1289,511
265,753
416,753
542,753
638,753
648,753
718,753
750,753
789,753
834,753
838,753
860,753
869,753
1073,753
1094,753
1289,753
1374,753
265,822
416,822
603,822
638,822
789,822
860,822
909,822
1073,822
1289,822
265,1093
416,1093
652,1093
674,1093
750,1093
1063,1093
1215,1093
1302,1093
265,1104
638,1104
652,1104
668,1104
838,1104
860,1104
884,1104
1027,1104
1215,1104
1289,1104
266,492
344,492
389,492
551,492
603,492
728,492
896,492
906,492
1058,492
1070,492
1085,492
1103,492
1202,492
1236,492
266,1155
783,1155
850,1155
954,1155
1099,1155
267,1247
268,650
367,650
377,650
410,650
466,650
478,650
520,650
983,650
1353,650
268,746
319,746
409,746
480,746
520,746
975,746
268,975
367,975
405,975
520,975
577,975
746,975
986,975
1006,975
1285,975
268,1009
520,1009
1122,1009
268,1125
314,1125
377,1125
394,1125
506,1125
519,1125
577,1125
912,1125
1285,1125
1321,1125
268,1340
442,1340
820,1340
1006,1340
1122,1340
1285,1340
269,481
438,481
813,481
948,481
1331,481
269,706
948,706
1048,706
269,1331
299,1331
438,1331
481,1331
813,1331
948,1331
270,699
302,699
472,699
574,699
690,699
705,699
829,699
960,699
1053,699
1070,699
1134,699
1270,699
1280,699
270,1080
344,1080
603,1080
690,1080
705,1080
713,1080
755,1080
758,1080
775,1080
1135,1080
1317,1080
270,1317
705,1317
755,1317
758,1317
1080,1317
1085,1317
272,451
344,451
472,451
545,451
625,451
1275,451
272,698
434,698
587,698
924,698
1202,698
272,1243
663,1243
272,1275
451,1275
625,1275
937,1275
273,1126
357,1126
491,1126
630,1126
275,41
501,41
543,41
754,41
984,41
1070,41
1103,41
275,429
580,429
754,429
1021,429
1228,429
1276,429
275,580
429,580
459,580
754,580
1228,580
1276,580
276,23
276,273
448,273
884,273
1126,273
1189,273
1256,273
277,182
793,182
817,182
953,182
1069,182
1161,182
1338,182
277,445
748,445
786,445
1218,445
277,748
445,748
953,748
1161,748
1338,748
1355,748
277,786
403,786
445,786
548,786
614,786
641,786
714,786
922,786
953,786
1161,786
1338,786
278,89
357,89
836,89
978,89
1264,89
278,491
357,491
726,491
1126,491
278,685
526,685
574,685
1375,685
278,728
473,728
492,728
667,728
278,1304
713,1304
870,1304
1082,1304
1248,1304
279,370
280,502
532,502
778,502
932,502
1041,502
1279,502
280,1041
502,1041
778,1041
932,1041
1064,1041
1279,1041
280,1279
502,1279
1041,1279
281,850
307,850
776,850
1155,850
1355,850
282,455
426,455
906,455
1014,455
1270,455
282,636
677,636
937,636
978,636
1176,636
1282,636
282,677
602,677
624,677
636,677
812,677
1158,677
1176,677
1185,677
1280,677
1282,677
1300,677
282,703
624,703
1000,703
1113,703
1270,703
1342,703
282,812
587,812
624,812
677,812
705,812
1007,812
1280,812
1355,812
282,1113
551,1113
624,1113
703,1113
1270,1113
1342,1113
282,1342
355,1342
551,1342
703,1342
978,1342
1030,1342
1113,1342
1229,1342
1270,1342
1288,1342
282,1355
453,1355
646,1355
705,1355
748,1355
812,1355
850,1355
906,1355
953,1355
1014,1355
284,379
1149,379
1285,379
284,442
791,442
913,442
1285,442
1340,442
284,534
341,534
367,534
410,534
518,534
519,534
520,534
662,534
682,534
844,534
979,534
994,534
1149,534
1312,534
1356,534
285,827
305,827
833,827
286,693
407,693
485,693
1124,693
1250,693
286,1058
492,1058
530,1058
954,1058
970,1058
1309,1058
1376,1058
287,461
918,461
1188,461
1363,461
287,918
461,918
1188,918
1363,918
288,178
707,178
942,178
1072,178
1084,178
1106,178
1151,178
1169,178
1252,178
1328,178
290,1349
311,1349
810,1349
291,593
423,593
460,593
804,593
960,593
1005,593
1124,593
292,293
293,292
294,407
693,407
987,407
294,1329
420,1329
603,1329
739,1329
910,1329
1030,1329
1288,1329
1289,1329
295,408
669,408
679,408
927,408
1110,408
1278,408
1316,408
295,669
408,669
927,669
1110,669
1278,669
1316,669
295,679
408,679
1278,679
1316,679
295,927
408,927
669,927
1110,927
1278,927
1316,927
295,1110
408,1110
669,1110
927,1110
1278,1110
1316,1110
295,1278
408,1278
500,1278
669,1278
679,1278
927,1278
966,1278
974,1278
1110,1278
1316,1278
295,1316
408,1316
669,1316
679,1316
927,1316
1110,1316
1278,1316
297,519
341,519
367,519
405,519
520,519
534,519
912,519
1060,519
1125,519
1265,519
1285,519
1356,519
297,578
341,578
367,578
405,578
410,578
414,578
520,578
743,578
803,578
811,578
846,578
1006,578
1149,578
1211,578
1321,578
1375,578
297,994
367,994
520,994
534,994
808,994
979,994
1079,994
1149,994
1271,994
1290,994
298,1249
986,1249
299,948
481,948
706,948
813,948
1331,948
302,1135
344,1135
433,1135
516,1135
574,1135
684,1135
690,1135
705,1135
906,1135
924,1135
995,1135
1000,1135
1070,1135
1080,1135
1140,1135
1161,1135
1300,1135
1345,1135
303,137
817,137
304,831
767,831
829,831
953,831
1040,831
1161,831
304,1000
433,1000
703,1000
705,1000
1083,1000
1135,1000
304,1039
362,1039
305,364
459,364
585,364
1264,364
308,313
569,313
603,313
690,313
308,466
483,466
577,466
650,466
682,466
915,466
1035,466
1060,466
308,535
621,535
682,535
1035,535
1224,535
308,621
535,621
546,621
928,621
1089,621
1149,621
1221,621
1224,621
1241,621
308,872
335,872
421,872
454,872
826,872
308,925
682,925
1060,925
308,1008
362,1008
520,1008
733,1008
847,1008
1122,1008
1375,1008
308,1018
603,1018
1296,1018
1297,1018
308,1035
466,1035
535,1035
911,1035
1224,1035
1285,1035
1290,1035
1353,1035
308,1145
1200,1145
308,1200
1145,1200
308,1296
596,1296
1018,1296
1105,1296
309,187
615,187
714,187
723,187
725,187
938,187
953,187
977,187
1028,187
1120,187
1222,187
310,1116
433,1116
543,1116
687,1116
733,1116
956,1116
1031,1116
1082,1116
1372,1116
310,1229
836,1229
1342,1229
311,97
311,810
842,810
1349,810
312,47
484,47
521,47
652,47
665,47
694,47
312,905
500,905
524,905
312,966
1278,966
313,308
466,308
520,308
535,308
621,308
635,308
682,308
733,308
808,308
872,308
925,308
1008,308
1018,308
1035,308
1145,308
1200,308
1224,308
1296,308
1321,308
313,569
433,569
603,569
625,569
687,569
313,690
344,690
501,690
516,690
574,690
587,690
602,690
624,690
699,690
705,690
767,690
906,690
924,690
1080,690
1112,690
1135,690
315,986
506,986
653,986
915,986
933,986
975,986
1249,986
1353,986
316,563
498,563
655,563
1326,563
316,688
498,688
617,688
655,688
1118,688
1326,688
317,590
598,590
848,590
907,590
317,598
590,598
907,598
317,848
590,848
907,848
317,907
590,907
598,907
848,907
318,235
359,235
742,235
770,235
884,235
1156,235
1235,235
1258,235
1369,235
319,320
405,320
480,320
791,320
844,320
1060,320
1333,320
319,409
367,409
480,409
746,409
1157,409
1292,409
319,419
522,419
541,419
740,419
1025,419
1255,419
319,480
320,480
409,480
746,480
1292,480
1319,480
319,522
419,522
541,522
740,522
1025,522
1255,522
319,541
419,541
522,541
740,541
1025,541
1255,541
319,740
419,740
522,740
541,740
1025,740
1255,740
319,882
895,882
1286,882
319,895
882,895
952,895
1286,895
319,952
895,952
1286,952
319,1025
419,1025
522,1025
541,1025
740,1025
1255,1025
319,1255
419,1255
522,1255
541,1255
740,1255
1025,1255
319,1286
882,1286
895,1286
952,1286
320,319
409,319
419,319
480,319
522,319
541,319
740,319
746,319
882,319
895,319
952,319
1025,319
1255,319
1286,319
1333,319
321,600
404,600
427,600
520,600
915,600
321,930
367,930
572,930
949,930
1060,930
1149,930
321,1257
463,1257
1149,1257
322,1260
367,1260
425,1260
553,1260
923,1260
1262,1260
322,1262
425,1262
923,1262
1260,1262
323,485
587,485
693,485
775,485
324,1240
610,1240
1246,1240
324,1246
610,1246
695,1246
1240,1246
326,76
784,76
940,76
1301,76
326,232
426,232
474,232
543,232
573,232
607,232
613,232
678,232
710,232
770,232
828,232
940,232
957,232
1063,232
1070,232
1221,232
1335,232
327,504
373,504
723,504
727,504
783,504
833,504
868,504
929,504
1272,504
1300,504
327,727
373,727
504,727
868,727
1272,727
327,868
373,868
504,868
727,868
1272,868
327,929
373,929
504,929
1272,929
327,1272
373,1272
504,1272
727,1272
868,1272
929,1272
328,496
849,496
863,496
1100,496
328,849
496,849
1100,849
328,1100
496,1100
849,1100
329,401
402,401
427,401
689,401
808,401
894,401
1122,401
1149,401
1285,401
329,402
401,402
1149,402
329,410
367,410
520,410
534,410
578,410
650,410
1122,410
1149,410
329,933
367,933
405,933
478,933
567,933
594,933
716,933
735,933
983,933
986,933
1122,933
1149,933
1271,933
1299,933
330,891
331,611
898,611
992,611
1231,611
331,898
611,898
992,898
1231,898
1376,898
331,992
573,992
611,992
898,992
1170,992
1231,992
331,1170
574,1170
625,1170
713,1170
992,1170
1202,1170
1376,1170
331,1231
611,1231
898,1231
992,1231
332,1121
713,1121
1103,1121
1168,1121
1226,1121
1248,1121
333,643
344,643
587,643
1132,643
1206,643
334,601
641,601
807,601
1214,601
1220,601
334,1134
344,1134
516,1134
587,1134
692,1134
699,1134
705,1134
755,1134
758,1134
924,1134
960,1134
1047,1134
1324,1134
335,1357
914,1357
336,720
911,720
338,437
824,437
839,437
1266,437
338,463
348,463
801,463
1016,463
1257,463
1365,463
338,802
824,802
839,802
1266,802
338,824
437,824
802,824
839,824
1266,824
338,839
437,839
802,839
824,839
1266,839
338,1266
437,1266
802,1266
824,1266
839,1266
339,1024
682,1024
340,589
594,589
1122,589
1254,589
340,743
578,743
666,743
682,743
700,743
803,743
846,743
915,743
1263,743
1312,743
340,1254
367,1254
520,1254
567,1254
589,1254
594,1254
682,1254
803,1254
808,1254
811,1254
894,1254
943,1254
1034,1254
1060,1254
1122,1254
1149,1254
1271,1254
1312,1254
1333,1254
341,623
803,623
921,623
1271,623
1285,623
341,716
367,716
427,716
577,716
700,716
780,716
803,716
830,716
912,716
933,716
1079,716
1122,716
1172,716
1333,716
341,780
427,780
700,780
716,780
791,780
846,780
856,780
894,780
1006,780
1172,780
1265,780
1312,780
1321,780
341,856
367,856
427,856
780,856
846,856
914,856
1006,856
1060,856
1312,856
341,894
367,894
401,894
662,894
780,894
1254,894
343,1219
809,1219
344,226
434,226
501,226
587,226
624,226
1132,226
1140,226
344,472
451,472
574,472
587,472
699,472
705,472
924,472
1053,472
344,574
420,574
472,574
529,574
587,574
603,574
625,574
685,574
690,574
699,574
705,574
758,574
793,574
829,574
960,574
984,574
1053,574
1070,574
1135,574
1170,574
1220,574
1226,574
1270,574
1345,574
344,602
587,602
624,602
677,602
690,602
692,602
705,602
1176,602
344,692
602,692
1047,692
1085,692
1134,692
1153,692
1300,692
344,755
587,755
624,755
705,755
1047,755
1080,755
1134,755
1280,755
1317,755
344,1014
453,1014
455,1014
624,1014
705,1014
722,1014
906,1014
1355,1014
344,1065
482,1065
1087,1065
1139,1065
1258,1065
344,1083
906,1083
1000,1083
1161,1083
1176,1083
344,1085
492,1085
692,1085
924,1085
1317,1085
344,1176
587,1176
602,1176
624,1176
636,1176
677,1176
726,1176
960,1176
1083,1176
1177,1176
1280,1176
1282,1176
344,1332
571,1332
573,1332
644,1332
760,1332
914,1332
969,1332
1101,1332
345,68
550,68
649,68
691,68
1001,68
1203,68
1223,68
346,1087
357,1087
393,1087
501,1087
585,1087
705,1087
906,1087
1011,1087
1065,1087
348,487
801,487
1365,487
348,801
463,801
487,801
1016,801
1365,801
348,1016
463,1016
801,1016
1365,1016
348,1365
463,1365
487,1365
801,1365
1016,1365
351,94
351,570
537,570
751,570
914,570
352,931
465,931
478,931
353,1090
356,447
886,447
1347,447
1348,447
356,886
447,886
1347,886
1348,886
356,1347
447,1347
886,1347
1348,1347
356,1348
447,1348
886,1348
1347,1348
357,237
454,237
627,237
807,237
904,237
978,237
1082,237
1111,237
1264,237
1300,237
357,306
627,306
1111,306
1264,306
357,529
421,529
574,529
712,529
896,529
953,529
357,585
364,585
435,585
448,585
482,585
627,585
756,585
1087,585
1191,585
357,712
421,712
529,712
953,712
1210,712
357,726
491,726
904,726
1111,726
1176,726
1280,726
357,763
879,763
1264,763
357,773
924,773
954,773
984,773
1030,773
1111,773
357,1030
421,1030
448,1030
773,1030
1329,1030
1342,1030
357,1210
421,1210
712,1210
358,213
427,213
520,213
1017,213
1211,213
1356,213
358,915
466,915
600,915
743,915
986,915
1149,915
1172,915
358,1026
520,1026
360,469
361,377
465,377
520,377
577,377
650,377
912,377
921,377
1079,377
1125,377
1149,377
1271,377
1285,377
1371,377
361,582
368,582
394,582
395,582
520,582
682,582
983,582
1060,582
1263,582
1299,582
1371,582
364,305
827,305
364,459
520,459
580,459
733,459
847,459
900,459
937,459
1089,459
1149,459
1285,459
365,1259
562,1259
1166,1259
366,44
741,44
1119,44
366,630
807,630
1111,630
1126,630
367,107
520,107
572,107
577,107
808,107
846,107
367,201
367,336
720,336
1060,336
1130,336
367,465
377,465
394,465
478,465
577,465
931,465
1149,465
1285,465
1321,465
367,478
465,478
577,478
594,478
650,478
931,478
933,478
1122,478
1149,478
1285,478
1353,478
1371,478
367,490
564,490
835,490
903,490
1160,490
367,564
490,564
651,564
782,564
903,564
991,564
1197,564
367,634
865,634
914,634
991,634
1017,634
1149,634
1197,634
1285,634
1333,634
367,651
564,651
865,651
903,651
991,651
1197,651
367,689
401,689
483,689
1197,689
1333,689
367,735
395,735
594,735
682,735
811,735
933,735
1060,735
1122,735
1149,735
1285,735
1312,735
367,803
384,803
414,803
518,803
578,803
594,803
623,803
645,803
666,803
682,803
700,803
716,803
743,803
808,803
846,803
943,803
949,803
979,803
1006,803
1017,803
1060,803
1122,803
1157,803
1172,803
1254,803
1263,803
1312,803
1321,803
367,811
578,811
682,811
735,811
912,811
1149,811
1157,811
1254,811
367,835
404,835
490,835
865,835
903,835
991,835
1091,835
1105,835
1149,835
1160,835
1197,835
1285,835
1333,835
1371,835
367,903
490,903
564,903
651,903
835,903
865,903
923,903
991,903
1105,903
1149,903
1197,903
1285,903
1321,903
1333,903
367,923
903,923
1260,923
1262,923
367,991
564,991
634,991
651,991
835,991
865,991
903,991
1079,991
1160,991
1197,991
1333,991
1371,991
367,1091
835,1091
1197,1091
1285,1091
367,1197
564,1197
634,1197
651,1197
689,1197
835,1197
865,1197
903,1197
983,1197
991,1197
1091,1197
1371,1197
367,1271
377,1271
623,1271
682,1271
933,1271
979,1271
994,1271
1122,1271
1149,1271
1254,1271
1312,1271
367,1273
390,1273
391,1273
520,1273
655,1273
704,1273
714,1273
723,1273
749,1273
874,1273
881,1273
883,1273
953,1273
1028,1273
1174,1273
1326,1273
367,1312
405,1312
534,1312
577,1312
700,1312
735,1312
743,1312
780,1312
803,1312
856,1312
1254,1312
1271,1312
367,1375
520,1375
578,1375
685,1375
1008,1375
370,279
372,110
372,443
711,443
799,443
947,443
1201,443
373,327
504,327
727,327
868,327
929,327
1272,327
377,361
567,361
582,361
377,921
577,921
623,921
791,921
808,921
1122,921
1127,921
1149,921
1285,921
378,515
549,515
555,515
901,515
936,515
946,515
1109,515
378,549
515,549
555,549
686,549
708,549
757,549
901,549
936,549
946,549
1042,549
1045,549
1109,549
1261,549
378,686
549,686
555,686
757,686
772,686
901,686
936,686
946,686
1045,686
1109,686
1261,686
378,708
549,708
901,708
936,708
946,708
1042,708
1045,708
1092,708
378,757
549,757
555,757
686,757
1042,757
1109,757
1261,757
378,772
686,772
901,772
946,772
1045,772
1109,772
1261,772
378,901
515,901
549,901
555,901
686,901
708,901
772,901
936,901
946,901
1042,901
1045,901
1092,901
1109,901
1261,901
378,936
515,936
549,936
555,936
686,936
708,936
901,936
946,936
1042,936
1045,936
1109,936
1261,936
378,946
515,946
549,946
686,946
708,946
772,946
901,946
936,946
1042,946
1045,946
1092,946
1109,946
378,1042
549,1042
555,1042
708,1042
757,1042
901,1042
936,1042
946,1042
1045,1042
1092,1042
1109,1042
378,1045
549,1045
555,1045
686,1045
708,1045
772,1045
901,1045
936,1045
946,1045
1042,1045
1092,1045
1109,1045
378,1092
708,1092
901,1092
946,1092
1042,1092
1045,1092
378,1109
515,1109
549,1109
555,1109
686,1109
757,1109
772,1109
901,1109
936,1109
946,1109
1042,1109
1045,1109
1261,1109
378,1261
549,1261
555,1261
686,1261
757,1261
772,1261
901,1261
936,1261
1109,1261
379,284
442,284
534,284
791,284
1149,284
380,423
583,423
586,423
592,423
593,423
622,423
804,423
1005,423
1165,423
1225,423
380,583
423,583
592,583
622,583
672,583
1005,583
1033,583
1076,583
1225,583
1339,583
380,586
423,586
592,586
622,586
804,586
1005,586
1225,586
380,592
423,592
583,592
586,592
622,592
804,592
1005,592
1165,592
1225,592
380,622
423,622
583,622
586,622
592,622
672,622
804,622
1005,622
1033,622
1076,622
1165,622
1225,622
1339,622
380,672
583,672
622,672
1005,672
1076,672
1165,672
1225,672
380,804
423,804
586,804
592,804
593,804
622,804
1005,804
1165,804
1225,804
380,1005
423,1005
583,1005
586,1005
592,1005
593,1005
622,1005
672,1005
804,1005
1033,1005
1225,1005
380,1076
583,1076
622,1076
672,1076
1033,1076
1339,1076
380,1165
423,1165
592,1165
622,1165
672,1165
804,1165
1225,1165
1339,1165
380,1225
423,1225
583,1225
586,1225
592,1225
622,1225
672,1225
804,1225
1005,1225
1165,1225
1339,1225
381,738
745,738
794,738
993,738
1037,738
1052,738
1253,738
382,795
1105,795
383,11
384,321
600,321
791,321
930,321
1149,321
1257,321
1333,321
384,944
914,944
1149,944
385,464
386,1180
389,1236
492,1236
603,1236
1073,1236
391,271
599,271
617,271
655,271
714,271
819,271
851,271
881,271
883,271
938,271
1099,271
1107,271
391,618
498,618
617,618
655,618
749,618
883,618
938,618
953,618
1020,618
1107,618
1118,618
1182,618
1326,618
391,874
704,874
883,874
953,874
1099,874
1273,874
393,664
501,664
393,796
394,105
566,105
1199,105
394,174
666,174
797,174
866,174
983,174
396,85
499,85
823,85
961,85
964,85
1373,85
398,46
473,46
880,46
972,46
1050,46
1208,46
1242,46
399,15
400,82
731,82
859,82
1055,82
1167,82
401,329
402,329
410,329
414,329
933,329
1149,329
403,968
507,968
614,968
704,968
953,968
1174,968
405,34
577,34
645,34
680,34
1006,34
1079,34
1137,34
1149,34
1285,34
1299,34
1353,34
405,701
520,701
844,701
1285,701
405,765
456,765
1122,765
1149,765
1285,765
405,1127
526,1127
921,1127
406,1163
632,1163
737,1163
1153,1163
406,1359
681,1359
778,1359
1136,1359
407,294
591,294
1248,294
1329,294
1372,294
408,295
669,295
679,295
927,295
1110,295
1278,295
1316,295
411,48
411,58
988,58
1096,58
1212,58
412,183
739,183
837,183
893,183
1013,183
1101,183
412,973
527,973
413,1277
1358,1277
413,1358
1187,1358
1277,1358
414,1
439,1
676,1
700,1
791,1
800,1
950,1
997,1
1122,1
1138,1
1146,1
1149,1
1172,1
414,349
594,349
1149,349
415,88
417,80
681,80
418,131
711,131
947,131
418,363
928,363
420,172
510,172
551,172
736,172
1082,172
421,146
553,146
1082,146
421,756
426,756
585,756
1186,756
423,380
583,380
586,380
592,380
622,380
672,380
804,380
1005,380
1076,380
1165,380
1225,380
425,8
425,335
826,335
872,335
1357,335
426,1175
1143,1175
427,341
519,341
534,341
578,341
623,341
716,341
780,341
846,341
856,341
894,341
1149,341
1172,341
1211,341
427,641
601,641
786,641
829,641
949,641
1006,641
1207,641
1220,641
1373,641
430,123
762,123
955,123
1287,123
1294,123
431,760
514,760
573,760
619,760
864,760
914,760
969,760
980,760
1191,760
1202,760
1217,760
1332,760
1344,760
432,6
806,6
826,6
1158,6
1241,6
432,561
807,561
879,561
1283,561
432,1102
1283,1102
1325,1102
432,1283
561,1283
1102,1283
1221,1283
1241,1283
1325,1283
436,25
437,338
463,338
802,338
824,338
839,338
1266,338
440,38
790,38
967,38
1044,38
1177,38
1212,38
1367,38
440,218
440,588
441,588
1327,588
1367,588
441,64
444,1019
815,1019
447,356
886,356
1347,356
1348,356
450,200
821,200
857,200
1364,200
450,782
564,782
821,782
450,863
496,863
451,272
510,272
663,272
698,272
1243,272
1275,272
452,606
644,606
750,606
924,606
1302,606
452,1115
573,1115
1063,1115
1297,1115
1302,1115
453,243
473,243
576,243
1040,243
453,646
906,646
1355,646
455,282
624,282
636,282
677,282
703,282
812,282
978,282
1113,282
1270,282
1282,282
1342,282
1355,282
457,42
467,42
932,42
1066,42
1068,42
1098,42
1160,42
1182,42
1213,42
458,114
917,114
974,114
458,1022
500,1022
528,1022
1311,1022
460,683
721,683
751,683
1164,683
460,751
537,751
570,751
683,751
1164,751
461,287
918,287
1188,287
1363,287
462,210
462,719
463,348
487,348
801,348
1016,348
1365,348
464,385
466,483
520,483
689,483
469,360
479,195
527,195
960,195
1124,195
1221,195
479,250
479,809
967,809
1219,809
481,438
1331,438
482,65
488,65
1015,65
482,1354
947,1354
1071,1354
485,323
1047,323
1324,323
485,775
587,775
713,775
1061,775
1080,775
1226,775
1248,775
486,217
560,217
639,217
769,217
875,217
935,217
1012,217
1074,217
1095,217
1190,217
1239,217
489,16
620,16
779,16
878,16
1011,16
492,266
954,266
1155,266
1295,266
492,389
1236,389
494,70
525,70
530,70
844,70
969,70
1119,70
1341,70
495,9
659,9
724,9
1114,9
1162,9
1250,9
495,892
724,892
1185,892
496,328
849,328
1100,328
501,1112
690,1112
705,1112
739,1112
1297,1112
501,1166
705,1166
906,1166
1259,1166
502,280
932,280
1041,280
1064,280
1279,280
502,532
914,532
932,532
1089,532
1298,532
503,204
581,204
963,204
1281,204
505,841
1309,841
507,1128
881,1128
920,1128
953,1128
1182,1128
509,1139
539,1139
653,1139
970,1139
1065,1139
509,1187
695,1187
1358,1187
510,120
510,133
547,133
663,133
1063,133
1289,133
512,129
626,129
1105,129
512,142
513,180
1194,180
514,207
972,207
1154,207
515,378
549,378
551,378
555,378
686,378
708,378
757,378
772,378
901,378
936,378
946,378
1042,378
1045,378
1092,378
1109,378
1261,378
516,304
562,304
831,304
1000,304
1039,304
1040,304
517,658
989,658
1088,658
1178,658
1238,658
1310,658
517,989
658,989
1088,989
1141,989
1178,989
1193,989
1238,989
1310,989
517,1088
658,1088
989,1088
1141,1088
1178,1088
1193,1088
1238,1088
1310,1088
517,1141
989,1141
1088,1141
1178,1141
1193,1141
1238,1141
1310,1141
517,1178
658,1178
989,1178
1088,1178
1141,1178
1193,1178
1238,1178
1310,1178
517,1193
989,1193
1088,1193
1141,1193
1178,1193
1238,1193
1310,1193
517,1238
658,1238
989,1238
1088,1238
1141,1238
1178,1238
1193,1238
1310,1238
517,1310
658,1310
989,1310
1088,1310
1141,1310
1178,1310
1193,1310
1238,1310
520,362
733,362
1008,362
1039,362
520,1034
900,1034
1149,1034
1254,1034
521,468
523,154
524,845
665,845
702,845
1043,845
1351,845
525,7
531,205
661,205
1075,205
1173,205
1336,205
532,1298
1189,1298
533,233
656,233
788,233
1071,233
534,979
572,979
682,979
709,979
803,979
994,979
1149,979
1271,979
536,1313
1198,1313
1323,1313
536,1323
1063,1323
1313,1323
537,150
721,150
538,224
542,539
866,539
1139,539
1297,539
543,433
569,433
625,433
705,433
758,433
793,433
1000,433
1116,433
1135,433
545,78
659,78
724,78
737,78
843,78
916,78
981,78
552,52
764,52
858,52
1004,52
1086,52
1108,52
1303,52
554,100
555,112
687,112
557,152
559,759
1078,759
559,1078
759,1078
562,21
758,21
910,21
1140,21
562,497
607,497
613,497
568,263
879,263
1214,263
1345,263
571,96
1196,96
1256,96
571,1314
695,1314
574,1220
601,1220
607,1220
641,1220
1098,1220
1292,1220
575,890
577,546
621,546
1089,546
1241,546
582,368
583,1339
622,1339
1076,1339
1165,1339
1225,1339
584,223
970,223
1150,223
1377,223
587,374
588,1327
1012,1327
589,340
594,340
743,340
791,340
1254,340
590,317
598,317
848,317
907,317
913,317
591,84
836,84
593,291
1352,291
593,460
683,460
721,460
751,460
1164,460
594,109
820,109
596,1049
687,1049
1196,1049
1288,1049
1289,1049
601,334
1134,334
603,90
687,90
603,766
954,766
982,766
603,1003
984,1003
1337,1003
608,222
1191,222
610,92
695,92
610,145
611,331
898,331
992,331
1170,331
1231,331
612,696
717,696
777,696
965,696
1152,696
1360,696
612,717
696,717
777,717
965,717
1152,717
1360,717
612,777
696,777
717,777
965,777
1360,777
612,965
696,965
717,965
777,965
1152,965
1360,965
612,1152
696,1152
717,1152
965,1152
1360,1152
612,1360
696,1360
717,1360
777,1360
965,1360
1152,1360
616,73
732,73
787,73
792,73
962,73
1081,73
1123,73
1164,73
1205,73
617,134
783,134
1343,134
619,62
619,118
705,118
624,302
699,302
705,302
1135,302
625,1233
865,1233
957,1233
625,1376
898,1376
963,1376
1058,1376
1103,1376
1170,1376
1350,1376
628,17
1192,17
629,95
926,95
1251,95
632,175
737,175
1153,175
632,406
659,406
737,406
843,406
916,406
1163,406
1359,406
633,476
633,899
1204,899
633,1204
899,1204
634,865
651,865
835,865
903,865
991,865
1197,865
1233,865
637,33
1140,33
1250,33
1350,33
641,1207
642,144
643,333
1132,333
652,528
671,528
1022,528
1215,528
654,242
713,242
750,242
774,242
889,242
1061,242
1226,242
1288,242
658,517
989,517
1088,517
1141,517
1178,517
1193,517
1238,517
1310,517
660,67
729,67
842,67
660,104
729,104
854,104
660,136
1264,136
664,393
796,393
1087,393
671,130
876,130
1029,130
681,54
988,54
1367,54
682,14
1060,14
682,230
1051,230
682,253
847,253
928,253
1221,253
682,347
1051,347
687,310
733,310
1116,310
1229,310
693,286
1058,286
695,982
766,982
696,612
717,612
777,612
965,612
1152,612
1360,612
699,270
995,270
1080,270
1317,270
711,135
799,135
852,135
947,135
1201,135
711,371
947,371
718,300
730,219
739,184
793,184
837,184
855,184
893,184
971,184
745,186
794,186
993,186
995,186
1037,186
1052,186
1253,186
1324,186
1368,186
750,102
1047,102
1289,102
750,301
756,1186
1164,1186
1205,1186
759,559
1078,559
771,1291
776,119
776,325
993,325
779,289
781,115
1320,115
781,117
1320,117
785,247
818,247
790,240
794,342
1253,342
795,382
798,861
876,861
1029,861
805,197
1046,197
1232,197
1284,197
806,424
826,424
813,236
820,283
1285,283
820,296
1148,296
1227,296
827,285
832,262
837,69
1258,69
840,127
914,127
1068,127
850,281
850,307
853,49
1227,49
853,392
1321,392
854,72
861,798
876,798
1029,798
862,31
864,156
904,156
864,206
954,206
1245,206
866,596
893,596
919,596
1049,596
1296,596
870,81
1248,81
871,1036
1227,1036
873,231
885,231
934,231
878,171
881,166
888,125
890,575
937,575
891,330
896,26
1002,26
897,227
902,215
902,867
1070,867
1280,867
913,177
1285,177
914,159
949,159
1263,159
914,387
916,91
981,91
1153,91
1185,91
932,376
941,87
948,299
1331,299
954,35
954,209
1028,209
1131,209
956,18
957,1361
959,12
959,147
1159,147
960,56
984,1337
1003,1337
995,157
995,167
996,375
1024,339
1038,10
1060,39
1263,39
1064,151
1067,168
1230,168
1274,168
1068,220
1070,354
1077,252
1082,173
1297,173
1362,173
1087,346
1090,353
1097,1181
1105,255
1330,255
1107,66
1116,1031
1117,60
1121,332
1228,332
1125,314
1133,74
1137,53
1149,45
1285,45
1149,71
1356,71
1160,196
1171,747
1184,747
1175,1143
1179,260
1180,386
1181,1097
1188,0
1363,0
1219,343
1227,369
1228,939
1247,267
1248,274
1249,298
1259,365
1260,322
1262,322
1270,40
1273,390
1277,413
1358,413
1282,51
1285,244
1291,771
1292,194
1305,20
1309,28
1311,190
1318,229
1325,63
1342,355
1349,290
1352,143
1368,126
1371,1023
